"key","contexto","uso","es","en"
"t_bded7b8cd821","2daParte:Acto3/Arbol/LilithEntregarPertenencias (+110)","Nombre de hablante","Lilith","Lilith"
"t_372ca8e43108","2daParte:Acto3/Arbol/LilithEntregarPertenencias","Dialogo","Has entregado el peluche de Amara y el lazo de NIra","You handed over Amara's stuffed toy and Nira's ribbon"
"t_684775c996d2","2daParte:Acto3/Arbol/LilithEntregarPertenencias","Dialogo","Iré a mi habitación, solo quiero dormir","I'll go to my room, I just want to sleep"
"t_631180ac6d94","2daParte:Acto3/Biblioteca/OrrenLilithBiblioteca (+5)","Nombre de hablante","Orren","Orren"
"t_fb7dec5c65fd","2daParte:Acto3/Biblioteca/OrrenLilithBiblioteca","Dialogo","¿Lilith? Estaba buscando un libro nuevo. Hay algunos que me brindan nuevas técnicas para la costura.","Lilith? I was looking for a new book. Some of them give me new techniques for sewing."
"t_984fc028ed3b","2daParte:Acto3/Biblioteca/OrrenLilithBiblioteca","Dialogo","Hola, Orren. Te buscaba para recoger algo de tela, para un regalo. Me envía Lin","Hi, Orren. I was looking for you to pick up some cloth, for a gift. Lin sent me"
"t_1f3bf84cea49","2daParte:Acto3/Biblioteca/OrrenLilithBiblioteca","Dialogo","Ah, sí, sí, claro. Recuerdo lo que me pidió, para su hijo, ¿verdad? Aquí tengo la tela que buscas.","Ah, yes, yes, of course. I remember what he asked me for, for his son, right? I have the cloth you're after right here."
"t_dfd599bbab54","2daParte:Acto3/Biblioteca/OrrenLilithBiblioteca","Dialogo","Muchas gracias Orren!","Thank you so much Orren!"
"t_3ca35e1101f0","2daParte:Acto3/Canvas/BacklogPanel/Header/Explicación","Etiqueta de interfaz","Pulsa en cada personaje para ver las conversaciones que has tenido con ellos durante el juego.","Click on a character to read the conversations you have had with them."
"t_f3e573404df4","2daParte:Acto3/Canvas/BacklogPanel/Header/TitleText","Etiqueta de interfaz","BACKLOG","BACKLOG"
"t_adf74ae46589_710b","2daParte:Acto3/Canvas/ChoicePanel/ChoicesContainer/ChoiceButton (1)/Text (TMP)","Etiqueta de interfaz","RESPUESTA","ANSWER"
"t_adf74ae46589","2daParte:Acto3/Canvas/ChoicePanel/ChoicesContainer/ChoiceButton/Text (TMP)","Etiqueta de interfaz","RESPUESTA","ANSWER"
"t_adf74ae46589_5b2f","2daParte:Acto3/Canvas/ChoicePanel/ChoicesContainer/ChoiceButton/Text (TMP)","Etiqueta de interfaz","RESPUESTA","ANSWER"
"t_aba2d75cf84c","2daParte:Acto3/Canvas/MenuDePausa/Panel/Opciones/Text (TMP)","Etiqueta de interfaz","AJUSTES","SETTINGS"
"t_5b5bc18006fb","2daParte:Acto3/Canvas/MenuDePausa/Panel/Reanudar/Text (TMP)","Etiqueta de interfaz","REANUDAR","RESUME"
"t_c81ad1fb72c1","2daParte:Acto3/Canvas/MenuDePausa/Panel/Salir/Text (TMP)","Etiqueta de interfaz","SALIR","QUIT"
"t_1058f2bd50fa","2daParte:Acto3/Canvas/NotasPanel/FondoNegroOverlay/Text (TMP)","Etiqueta de interfaz","Pulsa F para completar o salir","Press F to complete or exit"
"t_a0509b778062","2daParte:Acto3/Canvas/PanelAvisoPadre/PanelAviso/No/Text (TMP)","Etiqueta de interfaz","NO","NO"
"t_83a9dc0a7ea2","2daParte:Acto3/Canvas/PanelAvisoPadre/PanelAviso/Si/Text (TMP)","Etiqueta de interfaz","SÍ","YES"
"t_8fce3f19c16c","2daParte:Acto3/Canvas/PanelAvisoPadre/PanelAviso/Texto Aviso 1","Etiqueta de interfaz","¿SEGURO QUE QUIERES SALIR?","ARE YOU SURE YOU WANT TO QUIT?"
"t_afd2373de0c2","2daParte:Acto3/Canvas/PanelAvisoPadre/PanelAviso/Texto Aviso 2","Etiqueta de interfaz","LA PARTIDA SE GUARDARÁ AUTOMÁTICAMENTE","THE GAME WILL SAVE AUTOMATICALLY"
"t_3fcb25a2f5ab","2daParte:Acto3/Canvas/PuzzleCajas/CanvasCajas/Panel/ResetButton/Text (TMP)","Etiqueta de interfaz","REINICIAR","RESTART"
"t_ffc80045ca1b","2daParte:Acto3/Canvas/PuzzleCajas/CanvasCajas/Panel/Text (TMP)","Etiqueta de interfaz","MUEVE LAS CAJAS PARA LIBERAR A NUBE","MOVE THE CRATES TO FREE NUBE"
"t_76983a552300","2daParte:Acto3/Canvas/PuzzleCajas/GridManager (+2)","Mensaje de puzle","¡Puzzle completado!","Puzzle solved!"
"t_c4d009e25600","2daParte:Acto3/Canvas/Volumen/TextoVolumen","Etiqueta de interfaz","VOLUMEN","VOLUME"
"t_84a715a785a9","2daParte:Acto3/Canvas/Volumen/TextoVolver","Etiqueta de interfaz","Volver","Back"
"t_00c7c6565704","2daParte:Acto3/Casas/Casas1AntesDeInvernadero/AmaraLilithCasas (+7)","Nombre de hablante","Amara","Amara"
"t_98f50aba5c51","2daParte:Acto3/Casas/Casas1AntesDeInvernadero/AmaraLilithCasas","Dialogo","LILITH, ¡¡¡¡¿TIENES UN MOMENTO?!!!","LILITH, DO YOU HAVE A MOMENT?!!!"
"t_3d99bdd8affe","2daParte:Acto3/Casas/Casas1AntesDeInvernadero/AmaraLilithCasas","Dialogo","Es que creo que he perdido a mi conejo Nube. No lo encuentro por ninguna parte","It's just that I think I've lost my rabbit Nube. I can't find him anywhere"
"t_f26b3ad0f03d","2daParte:Acto3/Casas/Casas1AntesDeInvernadero/AmaraLilithCasas","Dialogo","Es muy importante para mi y para el bebé.","He means so much to me and to the baby."
"t_94d559d5930c","2daParte:Acto3/Casas/Casas1AntesDeInvernadero/AmaraLilithCasas","Dialogo","¿Nube? ¿Qué ha pasado?","Nube? What happened?"
"t_02a791c6bfe4","2daParte:Acto3/Casas/Casas1AntesDeInvernadero/AmaraLilithCasas","Dialogo","Lo llevaba conmigo esta mañana y creo que lo dejé en algún sitio mientras ayudaba a ordenar las mesas.","I had him with me this morning and I think I left him somewhere while I was helping tidy the tables."
"t_2cfac38cca9e","2daParte:Acto3/Casas/Casas1AntesDeInvernadero/AmaraLilithCasas","Dialogo","No me di cuenta hasta ahora. Es tonto, pero no puedo estar tranquila sin él.","I didn't notice until now. It's silly, but I can't be calm without him."
"t_e22b83ef11a9","2daParte:Acto3/Casas/Casas1AntesDeInvernadero/AmaraLilithCasas","Dialogo","No es tonto. Vamos a buscarlo, ¿vale? Dime dónde crees que pudo haber estado.","It's not silly. Let's go find him, okay? Tell me where you think he could have been."
"t_1f769b94c41e","2daParte:Acto3/Casas/Casas1AntesDeInvernadero/AmaraLilithCasas","Dialogo","Gracias, me han dicho que lo vieron irse por la izquierda en la zona de las casas. Debe estar en algún sitio.","Thank you, they told me he was seen heading off to the left in the houses area. He must be somewhere."
"t_d18bc2be021e","2daParte:Acto3/Casas/Casas1AntesDeInvernadero/AmaraLilithCasas","Dialogo","Si lo encuentras me harías muy feliz y al bebé más.","If you find him you'd make me so happy, and the baby even happier."
"t_ca81e25a8499","2daParte:Acto3/Casas/Casas1AntesDeInvernadero/AmaraLilithDespuesDeConejo","Dialogo","Amara, mira, lo encontré. Estaba escondido detrás de unas cajas en un granero.","Amara, look, I found him. He was hiding behind some boxes in a barn."
"t_a960eae81322","2daParte:Acto3/Casas/Casas1AntesDeInvernadero/AmaraLilithDespuesDeConejo","Dialogo","¡Nube! Ay qué alivio. Gracias, Lilith. En serio, no sé qué habría hecho si…","Nube! Oh, what a relief. Thank you, Lilith. Really, I don't know what I would have done if…"
"t_0f7ad122b7ef","2daParte:Acto3/Casas/Casas1AntesDeInvernadero/AmaraLilithDespuesDeConejo","Dialogo","De verdad, significas más para mí de lo que crees. Gracias por ayudarme.","Truly, you mean more to me than you think. Thank you for helping me."
"t_da92b9bd6324","2daParte:Acto3/Casas/Casas1AntesDeInvernadero/AmaraLilithDespuesDeConejo","Dialogo","Muchas gracias Amara.","Thank you so much Amara."
"t_1b66d03aa323","2daParte:Acto3/Casas/Casas1AntesDeInvernadero/AmaraSeVaDIalogo","Dialogo","Adiós y gracias de nuevo Lilith!","Bye and thanks again Lilith!"
"t_50e399ed26c1","2daParte:Acto3/Casas/Casas1AntesDeInvernadero/AmaraSeVaDIalogo","Dialogo","Otra vez las campanas, debería ir al comedor.","The bells again, I should go to the dining hall."
"t_8c49a25a9f9b","2daParte:Acto3/Casas/Casas1AntesDeInvernadero/CairenLIlithCasas","Dialogo","Hay ojos puestos en ti. Asegúrate de estar siempre preparada.","There are eyes on you. Make sure you're always ready."
"t_ddfb86e5398e","2daParte:Acto3/Casas/Casas1AntesDeInvernadero/CairenLIlithCasas (+11)","Nombre de hablante","Cairen","Cairen"
"t_f919f5ad2d31","2daParte:Acto3/Casas/Casas1AntesDeInvernadero/JesalLIlithCasas","Dialogo","Lilith, últimamente te veo más alineada. La Voz siempre recompensa a quienes escuchan.","Lilith, lately you seem more aligned. The Voice always rewards those who listen."
"t_99e2606a81ce","2daParte:Acto3/Casas/Casas1AntesDeInvernadero/JesalLIlithCasas (+4)","Nombre de hablante","Jesal","Jesal"
"t_5b51a9fa31b8","2daParte:Acto3/Casas/Casas1AntesDeInvernadero/LinLIlithCasas (+6)","Nombre de hablante","Lin","Lin"
"t_4d79a7938ba4","2daParte:Acto3/Casas/Casas1AntesDeInvernadero/LinLIlithCasas","Dialogo","¿También tienes tareas hoy? Yo intentaré terminar las mías rápido… no quiero meterme en problemas","Do you have chores today too? I'll try to finish mine fast… I don't want to get in trouble"
"t_dc05daac1222","2daParte:Acto3/Casas/Casas1AntesDeInvernadero/MisionZanahorias","Objetivo de mision","SIGUE EL RASTRO DE ZANAHORIAS PARA ENCONTRAR A NUBE","FOLLOW THE TRAIL OF CARROTS TO FIND NUBE"
"t_0de9709147d7","2daParte:Acto3/Casas/Casas1AntesDeInvernadero/TodaviaNOCasas1","Dialogo","Esta zona no está disponible aún.","This area isn't available yet."
"t_0de9709147d7_ea53","2daParte:Acto3/Casas/Casas1AntesDeInvernadero/TodaviaNOCasas2","Dialogo","Esta zona no está disponible aún.","This area isn't available yet."
"t_58061aa54439","2daParte:Acto3/Casas/Casas2DespuesDeInvernadero/AlphaCasaDialogo (+20)","Nombre de hablante","Alpha","Alpha"
"t_d4b8e8b42a32","2daParte:Acto3/Casas/Casas2DespuesDeInvernadero/AlphaCasaDialogo","Dialogo","¿Alpha…? ¿Qué estás haciendo aquí?","Alpha…? What are you doing here?"
"t_4df4f00d95c0","2daParte:Acto3/Casas/Casas2DespuesDeInvernadero/AlphaCasaDialogo","Dialogo","Te estaba esperando, Lilith. La familia nunca duerme del todo y tú eres alguien a quien conviene cuidar muy de cerca.","I was waiting for you, Lilith. The Family never sleeps completely, and you are someone worth looking after very closely."
"t_cd3c9ab0615a","2daParte:Acto3/Casas/Casas2DespuesDeInvernadero/AlphaCasaDialogo","Dialogo","Tu árbol está creciendo de forma maravillosa. Eres especial. Pero toda semilla necesita abono para florecer.","Your tree is growing beautifully. You are special. But every seed needs fertilizer to bloom."
"t_d5dfd7dca99f","2daParte:Acto3/Casas/Casas2DespuesDeInvernadero/AlphaCasaDialogo","Dialogo","¿Abono? ¿Quieres decir que debo hacer algo?","Fertilizer? You mean I have to do something?"
"t_32c3df315253","2daParte:Acto3/Casas/Casas2DespuesDeInvernadero/AlphaCasaDialogo","Dialogo","Hay una plaga de bichos en el huerto de Jesal.","There's an infestation of pests in Jesal's garden."
"t_0b94943f8a90","2daParte:Acto3/Casas/Casas2DespuesDeInvernadero/AlphaCasaDialogo","Dialogo","Está corrompiendo lo que con tanto cariño cultivamos.","It's corrupting what we cultivate with so much care."
"t_79149c344856","2daParte:Acto3/Casas/Casas2DespuesDeInvernadero/AlphaCasaDialogo","Opcion de dialogo","Si es una amenaza para la familia… haré lo que haga falta.","If it's a threat to the Family… I'll do whatever it takes."
"t_317460591728","2daParte:Acto3/Casas/Casas2DespuesDeInvernadero/AlphaCasaDialogo","Opcion de dialogo","¿Una plaga? ¿Estas seguro de que eso va a afectar?","A plague? Are you sure that's going to affect anything?"
"t_1065c8fc195c","2daParte:Acto3/Casas/Casas2DespuesDeInvernadero/AlphaCasaDialogo","Dialogo","Tu lealtad es un bálsamo para este lugar, Lilith. Entiendes lo que muchos tardan años en comprender.","Your loyalty is a balm to this place, Lilith. You understand what takes many years to grasp."
"t_db30c19c780d","2daParte:Acto3/Casas/Casas2DespuesDeInvernadero/AlphaCasaDialogo","Dialogo","Esto purificará la tierra, viértelo en las plantas. Sé que no es agradable. Pero lo necesario rara vez lo es.","This will purify the soil, pour it on the plants. I know it isn't pleasant. But what's necessary rarely is."
"t_12f643436df7","2daParte:Acto3/Casas/Casas2DespuesDeInvernadero/AlphaCasaDialogo","Dialogo","Alpha… no estoy segura de esto.","Alpha… I'm not sure about this."
"t_484b5aff3d21","2daParte:Acto3/Casas/Casas2DespuesDeInvernadero/AlphaCasaDialogo","Dialogo","Lilith mírame. Cuando llegaste, estabas rota. Perdida. Sin rumbo. Esta familia te está dando un propósito. Un sitio donde eres vista donde eres necesaria.","Lilith, look at me. When you came, you were broken. Lost. Adrift. This Family is giving you a purpose. A place where you are seen, where you are needed."
"t_c61e22aba3af","2daParte:Acto3/Casas/Casas2DespuesDeInvernadero/AlphaCasaDialogo","Dialogo","Si tú no lo haces… ¿Quién protegerá a los nuestros? Esto no es crueldad. Esto es amor. Amor hacia todos los que dependen de nosotros.","If you don't do it… Who will protect our own? This isn't cruelty. This is love. Love for everyone who depends on us."
"t_eb9827a08be1","2daParte:Acto3/Casas/Casas2DespuesDeInvernadero/AlphaCasaDialogo","Dialogo","Confío en ti, Lilith. No me decepciones. Hazlo por la familia.","I trust you, Lilith. Don't disappoint me. Do it for the Family."
"t_a8fb62b52458","2daParte:Acto3/Casas/Casas2DespuesDeInvernadero/AlphaCasaDialogo","Dialogo","Has obtenido ""Vial de Alpha""","You have obtained ""Alpha's Vial"""
"t_007b5102d987","2daParte:Acto3/Casas/Casas2DespuesDeInvernadero/AlphaCasaDialogo","Dialogo","Avísame cuando termines. Estaré aquí… esperándote en tu cuarto.","Let me know when you're done. I'll be here… waiting for you in your room."
"t_910531cf77cf","2daParte:Acto3/Casas/Casas2DespuesDeInvernadero/AlphaCasaDialogo","Dialogo","Estoy seguro de que sí, y si llega a expandirse pondría en peligro a todos. Esta misión es importante, Lilith… para la familia. No me falles ahora.","I'm certain it will, and if it spreads it would put everyone in danger. This mission is important, Lilith… for the Family. Don't fail me now."
"t_db30c19c780d_a273","2daParte:Acto3/Casas/Casas2DespuesDeInvernadero/AlphaCasaDialogo","Dialogo","Esto purificará la tierra, viértelo en las plantas. Sé que no es agradable. Pero lo necesario rara vez lo es.","This will purify the soil, pour it on the plants. I know it isn't pleasant. But what's necessary rarely is."
"t_12f643436df7_d597","2daParte:Acto3/Casas/Casas2DespuesDeInvernadero/AlphaCasaDialogo","Dialogo","Alpha… no estoy segura de esto.","Alpha… I'm not sure about this."
"t_484b5aff3d21_db20","2daParte:Acto3/Casas/Casas2DespuesDeInvernadero/AlphaCasaDialogo","Dialogo","Lilith mírame. Cuando llegaste, estabas rota. Perdida. Sin rumbo. Esta familia te está dando un propósito. Un sitio donde eres vista donde eres necesaria.","Lilith, look at me. When you came, you were broken. Lost. Adrift. This Family is giving you a purpose. A place where you are seen, where you are needed."
"t_c61e22aba3af_1e29","2daParte:Acto3/Casas/Casas2DespuesDeInvernadero/AlphaCasaDialogo","Dialogo","Si tú no lo haces… ¿Quién protegerá a los nuestros? Esto no es crueldad. Esto es amor. Amor hacia todos los que dependen de nosotros.","If you don't do it… Who will protect our own? This isn't cruelty. This is love. Love for everyone who depends on us."
"t_eb9827a08be1_f910","2daParte:Acto3/Casas/Casas2DespuesDeInvernadero/AlphaCasaDialogo","Dialogo","Confío en ti, Lilith. No me decepciones. Hazlo por la familia.","I trust you, Lilith. Don't disappoint me. Do it for the Family."
"t_a8fb62b52458_9f65","2daParte:Acto3/Casas/Casas2DespuesDeInvernadero/AlphaCasaDialogo","Dialogo","Has obtenido ""Vial de Alpha""","You have obtained ""Alpha's Vial"""
"t_007b5102d987_5477","2daParte:Acto3/Casas/Casas2DespuesDeInvernadero/AlphaCasaDialogo","Dialogo","Avísame cuando termines. Estaré aquí… esperándote en tu cuarto.","Let me know when you're done. I'll be here… waiting for you in your room."
"t_8869de1ad95e","2daParte:Acto3/Casas/Casas2DespuesDeInvernadero/AlphaCasaDialogo2","Dialogo","Lilith... Tu presencia habla por ti. Ya no hace falta que digas nada. Lo has cumplido.","Lilith... Your presence speaks for you. There's no need to say anything now. You saw it through."
"t_512cb537c207","2daParte:Acto3/Casas/Casas2DespuesDeInvernadero/AlphaCasaDialogo2","Dialogo","El huerto respira otra vez. La esencia vuelve a fluir. Has hecho lo que debía hacerse.","The garden breathes again. The essence flows once more. You did what had to be done."
"t_8a8cdae9c3bd","2daParte:Acto3/Casas/Casas2DespuesDeInvernadero/AlphaCasaDialogo2","Dialogo","Un acto pequeño pero de enorme consecuencia para todos. Sé que no ha sido fácil. Sé que tu corazón aún tiembla","A small act, but of enormous consequence for us all. I know it wasn't easy. I know your heart still trembles"
"t_21726a352bae","2daParte:Acto3/Casas/Casas2DespuesDeInvernadero/AlphaCasaDialogo2","Dialogo","Pero escucha: la duda no es un pecado. La desobediencia sí. Y tú elegiste a la familia. Eso es lo que importa.","But listen: doubt is not a sin. Disobedience is. And you chose the Family. That is what matters."
"t_1df050048a6d","2daParte:Acto3/Casas/Casas2DespuesDeInvernadero/AlphaCasaDialogo2","Dialogo","Yo… no estoy segura de que…de que haya sido lo correcto.","I… I'm not sure that…that it was the right thing."
"t_0b7603082642","2daParte:Acto3/Casas/Casas2DespuesDeInvernadero/AlphaCasaDialogo2","Dialogo","Lo correcto, Lilith… nunca se siente bien al principio. El deber raras veces es placentero.","The right thing, Lilith… never feels good at first. Duty is rarely pleasant."
"t_4348480ea6b5","2daParte:Acto3/Casas/Casas2DespuesDeInvernadero/AlphaCasaDialogo2","Dialogo","Pero te lo prometo: cuando veas cómo prospera este lugar, cuando veas cómo florece todo gracias a tus manos entenderás todo.","But I promise you: when you see this place prosper, when you see everything bloom thanks to your hands, you will understand it all."
"t_9b4693392bf3","2daParte:Acto3/Casas/Casas2DespuesDeInvernadero/AlphaCasaDialogo2","Dialogo","Tu árbol crecerá fuerte. Más fuerte que todos los demás","Your tree will grow strong. Stronger than all the rest"
"t_5891e5211f58","2daParte:Acto3/Casas/Casas2DespuesDeInvernadero/AlphaCasaDialogo2","Dialogo","Has dado un paso hacia la verdadera pureza. Ahora… la familia te espera.","You have taken a step toward true purity. Now… the Family is waiting for you."
"t_cda214599dc3","2daParte:Acto3/Casas/Casas2DespuesDeInvernadero/AlphaCasaDialogo2","Dialogo","Reúnete con los demás en el comedor.","Join the others in the dining hall."
"t_e1d0837ea4e7","2daParte:Acto3/Casas/Casas2DespuesDeInvernadero/AlphaCasaDialogo2","Dialogo","Sí… Alpha.","Yes… Alpha."
"t_33997301f1e8","2daParte:Acto3/Casas/Casas2DespuesDeInvernadero/AmaraEncontradaDialogo","Dialogo","…No entiendo. No era… no era solo un conejo, Lilith. Cuando Nube saltaba… el bebé se movía. Siempre. Era como si ya se conocieran.","…I don't understand. It wasn't… it wasn't just a rabbit, Lilith. When Nube hopped… the baby moved. Always. It was like they already knew each other."
"t_da3f4d8f7f1c","2daParte:Acto3/Casas/Casas2DespuesDeInvernadero/AmaraEncontradaDialogo","Dialogo","Jesal dice que estas cosas pasan. Que el huerto… que la tierra… que la familia… Pero yo lo dejé ir. Yo no estaba ahí.","Jesal says these things happen. That the garden… that the earth… that the Family… But I let him out. I wasn't there."
"t_0149b4e61df0","2daParte:Acto3/Casas/Casas2DespuesDeInvernadero/AmaraEncontradaDialogo","Dialogo","No fue culpa tuya. Aquí… las cosas suceden porque tienen que suceder.","It wasn't your fault. Here… things happen because they have to happen."
"t_eda919cd7d15","2daParte:Acto3/Casas/Casas2DespuesDeInvernadero/AmaraEncontradaDialogo","Dialogo","¿De verdad lo crees…? Porque yo no puedo dejar de pensar que… si hubiera estado allí…","Do you really believe that…? Because I can't stop thinking that… if I had been there…"
"t_1eb43cf3ef61","2daParte:Acto3/Casas/Casas2DespuesDeInvernadero/AmaraEncontradaDialogo","Dialogo","Pensar así solo hace daño. Alpha dice que la familia nos cuida incluso cuando no lo entendemos.","Thinking like that only hurts. Alpha says the Family takes care of us even when we don't understand it."
"t_3224c105cc17","2daParte:Acto3/Casas/Casas2DespuesDeInvernadero/AmaraEncontradaDialogo","Dialogo","Yo solo quería… algo pequeño. Algo vivo que no tuviera miedo de este sitio. Ahora siento que… que todo lo que toco…","I just wanted… something small. Something alive that wasn't afraid of this place. Now I feel like… like everything I touch…"
"t_cca084f7f96f","2daParte:Acto3/Casas/Casas2DespuesDeInvernadero/AmaraEncontradaDialogo","Dialogo","Solo estás cansada.","You're just tired."
"t_dddf77688c84","2daParte:Acto3/Casas/Casas2DespuesDeInvernadero/AmaraEncontradaDialogo","Dialogo","Ojalá pudiera dejar de sentir esto. Ojalá pudiera… no pensar.","I wish I could stop feeling this. I wish I could… not think."
"t_2643dbd5c639","2daParte:Acto3/Casas/Casas2DespuesDeInvernadero/AmaraEncontradaDialogo","Dialogo","A veces no pensar es un alivio.","Sometimes not thinking is a relief."
"t_c58782467f09","2daParte:Acto3/Casas/Casas2DespuesDeInvernadero/AmaraEncontradaDialogo","Dialogo","Alpha dice que quizá… deberíamos alejarnos un poco. Tú, Nira y yo. Dice que el bosque… ayuda a ordenar la mente.","Alpha says that maybe… we should get away for a while. You, Nira and me. He says the forest… helps put your mind in order."
"t_2023a464bebf","2daParte:Acto3/Casas/Casas2DespuesDeInvernadero/AmaraEncontradaDialogo","Dialogo","Si él lo dice… será lo mejor.","If he says so… it's for the best."
"t_aba663fac3a9","2daParte:Acto3/Casas/Casas2DespuesDeInvernadero/AmaraEncontradaDialogo","Dialogo","Gracias por ayudarme Lilith.","Thank you for helping me, Lilith."
"t_01dc3e85861d","2daParte:Acto3/Casas/Casas2DespuesDeInvernadero/LilithDescansar","Dialogo","Me apetece descansar un poco, debería volver a mi cabaña.","I feel like resting a bit, I should head back to my cabin."
"t_f34149d5a366","2daParte:Acto3/Casas/Casas2DespuesDeInvernadero/LinDespuesDeMateriales","Dialogo","Gracias… gracias por traer todo. La tela, la piedra… todo.","Thanks… thanks for bringing it all. The cloth, the stone… all of it."
"t_fd78bc4a0a74","2daParte:Acto3/Casas/Casas2DespuesDeInvernadero/LinDespuesDeMateriales","Dialogo","No ha sido nada, Lin. Lo que sea para que el bebe esté bien… y por Amara.","It was nothing, Lin. Whatever it takes for the baby to be okay… and for Amara."
"t_9f6ac8ce20d3","2daParte:Acto3/Casas/Casas2DespuesDeInvernadero/LinDespuesDeMateriales","Dialogo","Sí… sí, eso es… Yo… quiero que esta manta sea especial.","Yes… yes, that's it… I… I want this blanket to be special."
"t_0767f14b47e1","2daParte:Acto3/Casas/Casas2DespuesDeInvernadero/LinDespuesDeMateriales","Dialogo","Para que Amara vea que pienso en mi hijo… y para que esté protegido… con la Safira.","So Amara sees that I think about my son… and so he'll be protected… with the Safira."
"t_9ddf09ec96c4","2daParte:Acto3/Casas/Casas2DespuesDeInvernadero/LinDespuesDeMateriales","Dialogo","Seguro que Amara lo va a valorar mucho. Es un regalo precioso.","I'm sure Amara will treasure it. It's a beautiful gift."
"t_2430cfe312bb","2daParte:Acto3/Casas/Casas2DespuesDeInvernadero/LinDespuesDeMateriales","Dialogo","¿Tú… crees? A veces siento que… que hago todo mal. Pero… esto… esto quiero que sea bueno.","You… think so? Sometimes I feel like… like I do everything wrong. But… this… I want this to be good."
"t_3209bb810176","2daParte:Acto3/Casas/Casas2DespuesDeInvernadero/LinDespuesDeMateriales","Dialogo","Has hecho todo lo posible, Lin. Y con cuidado, eso es lo que cuenta.","You've done everything you could, Lin. And with care, that's what counts."
"t_4f0719156a47","2daParte:Acto3/Casas/Casas2DespuesDeInvernadero/LinDespuesDeMateriales","Dialogo","Sí… sí… gracias, Lilith. De verdad. No sé… no sé cómo habría hecho esto sin ti.","Yes… yes… thank you, Lilith. Really. I don't know… I don't know how I'd have done this alone."
"t_ba031f8336a4","2daParte:Acto3/Casas/Casas2DespuesDeInvernadero/LinDespuesDeMateriales","Dialogo","Amara… estará feliz. Y yo… me siento un poco menos inútil.","Amara… will be happy. And I… I feel a little less useless."
"t_32ccf23dacad","2daParte:Acto3/Casas/Casas2DespuesDeInvernadero/LinLIlithTrasInvernadero","Dialogo","Ah, Lilith justo a tiempo. Estoy preparando algo para mi hijo, para regalárselo cuando nazca.","Ah, Lilith, just in time. I'm making something for my son, to give him when he's born."
"t_e260a51898e8","2daParte:Acto3/Casas/Casas2DespuesDeInvernadero/LinLIlithTrasInvernadero","Dialogo","Seguro que a Amara le gusta este detalle","I'm sure Amara will love the gesture"
"t_4f1a641e1964","2daParte:Acto3/Casas/Casas2DespuesDeInvernadero/LinLIlithTrasInvernadero","Dialogo","Quiero algo que simbolice nuestro cuidado y protección.","I want something that symbolizes our care and protection."
"t_83dda87c4efe","2daParte:Acto3/Casas/Casas2DespuesDeInvernadero/LinLIlithTrasInvernadero","Dialogo","Pero… estoy un poco ocupado. ¿Podrías ayudarme a conseguir las piezas que necesito?","But… I'm a little busy. Could you help me get the pieces I need?"
"t_bbd505dca4a2","2daParte:Acto3/Casas/Casas2DespuesDeInvernadero/LinLIlithTrasInvernadero","Opcion de dialogo","Claro, dime que es lo que necesitas","Sure, tell me what you need"
"t_cf86cd9d239b","2daParte:Acto3/Casas/Casas2DespuesDeInvernadero/LinLIlithTrasInvernadero","Opcion de dialogo","¿Qué tipo de regalo es? Yo te ayudo encantada","What kind of gift is it? I'd be happy to help"
"t_84870e30e141","2daParte:Acto3/Casas/Casas2DespuesDeInvernadero/LinLIlithTrasInvernadero","Opcion de dialogo","Parece algo delicado… intentaré ayudarte","Sounds delicate… I'll try to help you"
"t_d427b033b42d","2daParte:Acto3/Casas/Casas2DespuesDeInvernadero/LinLIlithTrasInvernadero","Dialogo","Gracias. Estaba pensando en una manta que tenga cosidas unas cuantas Safiras","Thank you. I was thinking of a blanket with a few Safiras sewn into it"
"t_cf967e1f6d81","2daParte:Acto3/Casas/Casas2DespuesDeInvernadero/LinLIlithTrasInvernadero","Dialogo","Por si no lo sabes, las safiras son gemas de la protección para que el bebé esté protegido.","In case you didn't know, Safiras are stones of protection, so the baby stays protected."
"t_8de3a91b860a","2daParte:Acto3/Casas/Casas2DespuesDeInvernadero/LinLIlithTrasInvernadero","Dialogo","Primero necesito estas cosas:","First I need these things:"
"t_b8fdbfee84f7","2daParte:Acto3/Casas/Casas2DespuesDeInvernadero/LinLIlithTrasInvernadero","Dialogo","Hace un par de días se me cayó una bolsa con Safiras al pozo… un despiste. ¿Podrías recogerlas?","A couple of days ago I dropped a bag of Safiras down the well… careless of me. Could you fetch them?"
"t_be5cecc52095","2daParte:Acto3/Casas/Casas2DespuesDeInvernadero/LinLIlithTrasInvernadero","Dialogo","Y ya con lo de la tela, le mandé el encargo a Orren. ¿Podrías pasar y ver si ya la tiene?","And as for the cloth, I put the order in with Orren. Could you stop by and see if he has it ready?"
"t_e361a371931a","2daParte:Acto3/Casas/Casas2DespuesDeInvernadero/LinLIlithTrasInvernadero","Dialogo","Claro, sin problema Lin, yo te ayudo","Sure, no problem Lin, I'll help you"
"t_5c70bda6e20f","2daParte:Acto3/Casas/Casas2DespuesDeInvernadero/LinLIlithTrasInvernadero","Dialogo","Muchas gracias Lilith, te esperaré por esta zona","Thank you so much Lilith, I'll be waiting around here"
"t_46bbd3206fd4","2daParte:Acto3/Casas/Casas2DespuesDeInvernadero/MisionIrZonaFogata","Objetivo de mision","VE A LA ZONA DE LA FOGATA","GO TO THE CAMPFIRE"
"t_6f1c3bf98d7d","2daParte:Acto3/Casas/Casas2DespuesDeInvernadero/MisionLilithDescansar","Objetivo de mision","VE A DESCANSAR A TU CASA","GO HOME AND REST"
"t_162319d926a7","2daParte:Acto3/Casas/Casas2DespuesDeInvernadero/MisionLilithJesal","Objetivo de mision","VE A LA DERECHA DE LAS CASAS Y BUSCA A JESAL","HEAD RIGHT OF THE HOUSES AND FIND JESAL"
"t_2b15e4d2fb4e","2daParte:Acto3/Casas/Casas2DespuesDeInvernadero/MisionPozoYBiblioteca","Objetivo de mision","VE AL POZO Y HABLA CON ORREN EN LA BIBLIOTECA","GO TO THE WELL AND TALK TO ORREN IN THE LIBRARY"
"t_6f7e980b44f2","2daParte:Acto3/Casas/Casas2DespuesDeInvernadero/VeAlComedor","Objetivo de mision","VE AL COMEDOR CON EL RESTO DE GENTE","GO TO THE DINING HALL WITH EVERYONE ELSE"
"t_c01dc8b3c90f","2daParte:Acto3/Comedor/ComedorParte1/CaelLilith","Dialogo","Lilith, encantado de conocerte. Mira, necesito que vayas al invernadero, dile a Nira que necesito hoja dulce.","Lilith, a pleasure. Listen, I need you to go to the greenhouse, tell Nira I need sweetleaf."
"t_b42c582ea6fb","2daParte:Acto3/Comedor/ComedorParte1/CaelLilith","Dialogo","La mezcla huele incompleta, y no pienso permitir que un detalle tan trivial arruine mi trabajo.","The mixture smells incomplete, and I will not let so trivial a detail ruin my work."
"t_87470f876e10","2daParte:Acto3/Comedor/ComedorParte1/CaelLilith","Dialogo","Díselo de mi parte. Ella entenderá la urgencia","Tell her it's from me. She'll understand the urgency"
"t_0fb4c72a019d","2daParte:Acto3/Comedor/ComedorParte1/CaelLilith (+5)","Nombre de hablante","Cael","Cael"
"t_52da1bcd6536","2daParte:Acto3/Comedor/ComedorParte1/InvernaderoAbierto","Dialogo","Has desbloqueado el invernadero, ve a la parte derecha en las casas para acceder a él","You've unlocked the greenhouse, go to the right side of the houses to get to it"
"t_bc7eaef7dd8a","2daParte:Acto3/Comedor/ComedorParte1/OrrenLilithComedor","Dialogo","Yo soy Orren. Me ocupo de que las herramientas y todo el material estén en orden. Si algo se rompe, viene a mí. Nada más, nada menos.","I'm Orren. I make sure the tools and all the equipment stay in order. If something breaks, it comes to me. Nothing more, nothing less."
"t_c1a1b57fec4c","2daParte:Acto3/Comedor/ComedorParte1/OrrenLilithComedor","Dialogo","Vaya, parece que tienes mucho control sobre lo que pasa aquí.","Wow, sounds like you have a lot of control over what happens here."
"t_2c8ff5728226","2daParte:Acto3/Comedor/ComedorParte1/OrrenLilithComedor","Dialogo","Control es relativo. Solo aseguro que las cosas funcionen. No más misterios.","Control is relative. I just make sure things work. No mysteries."
"t_df8d216cccc6","2daParte:Acto3/Comedor/ComedorParte1/SairaLilithComedor","Dialogo","Yo soy Saira. Mi trabajo es vigilar los hilos, asegurándome de que los lazos entre todos estén intactos. Es un poco abstracto, pero importante.","I'm Saira. My job is to watch the threads, making sure the bonds between everyone stay intact. It's a bit abstract, but important."
"t_030dbe775810","2daParte:Acto3/Comedor/ComedorParte1/SairaLilithComedor","Dialogo","Los hilos, te refieres a relaciones entre las personas?","The threads, you mean relationships between people?"
"t_cb02e902a461","2daParte:Acto3/Comedor/ComedorParte1/SairaLilithComedor","Dialogo","No exactamente. No son visibles, pero están ahí. Vigilar que no se rompan evita problemas mayores.","Not exactly. They aren't visible, but they're there. Making sure they don't break prevents bigger problems."
"t_da9f7ecadb3b","2daParte:Acto3/Comedor/ComedorParte1/SairaLilithComedor (+2)","Nombre de hablante","Saira","Saira"
"t_5470997cdf76","2daParte:Acto3/Comedor/ComedorParte1/SennaLilithComedor","Dialogo","Anda Lilith, ¿qué tal te va por aquí? … ya sabes, me encargo de que todo siga su curso.","So, Lilith, how's it going here? … you know, I make sure everything keeps running its course."
"t_406fdc6d98ba","2daParte:Acto3/Comedor/ComedorParte1/SennaLilithComedor","Opcion de dialogo","Me estoy adaptando poco a poco. Todo sigue siendo… distinto.","I'm adjusting little by little. Everything still feels… different."
"t_82471de58ab9","2daParte:Acto3/Comedor/ComedorParte1/SennaLilithComedor","Opcion de dialogo","Aún hay cosas que me cuesta asimilar.","There are still things I can't take in."
"t_fe8989e66135","2daParte:Acto3/Comedor/ComedorParte1/SennaLilithComedor","Opcion de dialogo","Supongo que siempre hay algo que vigilar, ¿no?","I guess there's always something to watch, right?"
"t_d24e3e64d7f6","2daParte:Acto3/Comedor/ComedorParte1/SennaLilithComedor","Dialogo","Es normal. Cada día tiene su rutina, aunque a veces cambie la forma de mirarla.","That's normal. Every day has its routine, even if the way you look at it changes."
"t_c3af3a7bd71e","2daParte:Acto3/Comedor/ComedorParte1/SennaLilithComedor","Dialogo","Nos pasa a todos. Lo raro no desaparece… solo deja de doler.","Happens to us all. The strangeness never leaves… it just stops hurting."
"t_9d55eb04e2b5","2daParte:Acto3/Comedor/ComedorParte1/SennaLilithComedor","Dialogo","Siempre. Y cuando no lo hay, es cuando más atención conviene prestar.","Always. And when there isn't, that's when it pays to watch most closely."
"t_94f85995c749","2daParte:Acto3/Comedor/ComedorParte1/SennaLilithComedor (+1)","Nombre de hablante","Mary","Mary"
"t_e0bfccbb0c0a","2daParte:Acto3/Comedor/ComedorParte2/EntranLinYAmara","Dialogo","¿Por qué…? ¿Por qué él…? ¿Por qué Nube…?","Why…? Why him…? Why Nube…?"
"t_22d3e3cc71ed","2daParte:Acto3/Comedor/ComedorParte2/EntranLinYAmara","Dialogo","Amara no… no llores así por favor… vamos a… podemos…","Amara no… please don't cry like that… we're going to… we can…"
"t_099d3bc80cda","2daParte:Acto3/Comedor/ComedorParte2/EntranLinYAmara","Dialogo","¡ERA SOLO UN BEBÉ!","HE WAS ONLY A BABY!"
"t_8dc94f6b6da7","2daParte:Acto3/Comedor/ComedorParte2/EntranLinYAmara","Dialogo","Solo… solo quería estar cerca… solo quería saltar… respirar… vivir…","He just… he just wanted to be close… he just wanted to hop… to breathe… to live…"
"t_fa37566d844d","2daParte:Acto3/Comedor/ComedorParte2/EntranLinYAmara","Dialogo","¿Quién haría algo así…? ¿Quién… quién sería capaz…? Nube nunca hizo daño a nadie… nunca…","Who would do something like that…? Who… who could even be capable…? Nube never hurt anyone… never…"
"t_b466ab66087f","2daParte:Acto3/Comedor/ComedorParte2/EntranLinYAmara","Dialogo","Estoy aquí, estoy contigo… no estás sola te lo juro","I'm here, I'm with you… you're not alone, I swear"
"t_ecd7aa3adcbb","2daParte:Acto3/Comedor/ComedorParte2/EntranLinYAmara","Dialogo","¿Y si le pasa lo mismo al bebé, Lin? ¿Y si… si este lugar lo consume… igual que a Nube…?","What if the same thing happens to the baby, Lin? What if… if this place consumes him… just like Nube…?"
"t_15cb65f82ca0","2daParte:Acto3/Comedor/ComedorParte2/EntranLinYAmara","Dialogo","No sé qué hacer… no sé cómo proteger a nadie…","I don't know what to do… how to protect anyone…"
"t_b0da1b986ba6","2daParte:Acto3/Comedor/ComedorParte2/EntranLinYAmara","Dialogo","Se suponía que este era un hogar...","This was supposed to be a home..."
"t_ff676e6ec384","2daParte:Acto3/Comedor/ComedorParte2/EntranLinYAmara","Dialogo","Vamonos Amara, te vendrá bien descansar","Let's go, Amara, some rest will do you good"
"t_c5e6acb6da16","2daParte:Acto3/Comedor/ComedorParte2/IntroParaLinYAmara","Dialogo","Hola chicos, ¿que tal vuestro día?","Hi you two, how's your day going?"
"t_2a440b2d75b9","2daParte:Acto3/Comedor/ComedorParte2/IntroParaLinYAmara","Dialogo","Un momento, ¿esos no son Lin y Amara?","Wait a second, aren't those Lin and Amara?"
"t_ad864623b072","2daParte:Acto3/Comedor/Nota14","Nota de lore","REGISTRO DE ARMONÍA EMOCIONAL 
Escrito por: Saira 

A veces el comedor hace demasiado ruido, pero no por las voces, sino por los hilos. Puedo verlos vibrar en el pecho de cada hermano. El de Jesal es verde y tranquilo, como la tierra húmeda. El de Daín es de un gris metálico, tenso, siempre a punto de romperse por la presión, pero atado con una fuerza increíble hacia Cael. 

Pero los hilos más extraños son los de los líderes. El de Alpha es de un oro cegador; se extiende por toda la sala y se enreda en el cuello de los demás, dictando cómo deben sentirse. Delta no tiene color; su hilo es negro, frío. 

Hoy se ha sentado la chica nueva, Lilith. Su hilo está completamente deshilachado, flotando en el aire, buscando desesperadamente dónde agarrarse para no caer al vacío. He visto el hilo de Alpha acercarse al de ella, rodeándola despacio.","EMOTIONAL HARMONY LOG 
Written by: Saira 

Sometimes the dining hall is too loud, but not because of the voices — because of the threads. I can see them vibrating in the chest of every brother. Jesal's is green and calm, like wet earth. Daín's is a metallic gray, tense, always about to snap from the pressure, but tied with incredible force toward Cael. 

But the strangest threads are the ones belonging to the leaders. Alpha's is a blinding gold; it stretches across the whole room and coils around the necks of the others, dictating how they are supposed to feel. Delta has no color; that thread is black, cold. 

Today the new girl sat down, Lilith. Her thread is completely frayed, floating in the air, desperately looking for something to hold on to so it will not fall into the void. I saw Alpha's thread move toward hers, slowly circling her."
"t_4b95263ac492","2daParte:Acto3/EntradaBosque/AmaraYNIraDIalogo (+5)","Nombre de hablante","Nira","Nira"
"t_3ba56c4a0886","2daParte:Acto3/EntradaBosque/AmaraYNIraDIalogo","Dialogo","Lilith! Te esperamos en la fogata.","Lilith! We're waiting at the campfire."
"t_7788176e74c9","2daParte:Acto3/EntradaBosque/AmaraYNIraDIalogo","Dialogo","Eso, no tardes.","Yeah, don't be long."
"t_7c3e4a625e71","2daParte:Acto3/EntradaBosque/AmaraYNIraDIalogo","Dialogo","Claro! Enseguida os alcanzo","Sure! I'll catch up in a sec"
"t_013d4cc27ecc","2daParte:Acto3/EntradaBosque/TodaviaNOBosque","Dialogo","Esta zona se desbloquea en la parte final de este acto.","This area unlocks in the final part of this act."
"t_5b4d8bb6af2e","2daParte:Acto3/EntradaJardin/MisionBuscarAmara","Objetivo de mision","BUSCA A AMARA EN LA ZONA DE LAS CASAS","FIND AMARA OVER BY THE HOUSES"
"t_eb0d841e1014","2daParte:Acto3/EntradaJardin/NiraLaberintoDialogo","Dialogo","Lilith, Alpha me dijo que vendrías. Dijo que sería bueno salir un rato. Respirar. Como antes.","Lilith, Alpha told me you'd come. He said it would be good to get out for a while. To breathe. Like before."
"t_c6a7f51d2058","2daParte:Acto3/EntradaJardin/NiraLaberintoDialogo","Dialogo","A veces siento que aquí… todo pasa muy rápido. Y una no tiene tiempo de entender lo que siente.","Sometimes I feel like here… everything happens so fast. And you don't have time to understand what you feel."
"t_e734550c9adb","2daParte:Acto3/EntradaJardin/NiraLaberintoDialogo","Dialogo","Sí… creo que nos vendrá bien. Alpha dice que es importante cuidarnos entre nosotras.","Yeah… I think it'll do us good. Alpha says it's important that we take care of each other."
"t_76a493c27292","2daParte:Acto3/EntradaJardin/NiraLaberintoDialogo","Dialogo","Eso dijo… Me alegra que vengas conmigo. Contigo es más fácil… no pensar tanto.","That's what he said… I'm glad you're coming. With you it's easier… not to think so much."
"t_e75da798ae13","2daParte:Acto3/EntradaJardin/NiraLaberintoDialogo","Dialogo","Podemos ir donde nos dijo, cerca del antiguo granero.","We can go where he told us, near the old barn."
"t_46ebd748bc77","2daParte:Acto3/EntradaJardin/NiraLaberintoDialogo","Dialogo","Gracias. De verdad. A veces siento que, si paro todo se me cae encima. Pero así… así estoy bien.","Thank you. Really. Sometimes I feel like if I stop, everything falls on me. But like this… like this I'm okay."
"t_a2009a3d795d","2daParte:Acto3/Fogata/AmaraFogataDialogo","Dialogo","Él siempre saltaba alrededor del fuego","He always used to hop around the fire"
"t_342c7e55ad4b","2daParte:Acto3/Fogata/AmaraFogataDialogo","Dialogo","No debería doler tanto algo tan pequeño... Pero duele.","Something so small shouldn't hurt this much... But it does."
"t_c2c93fd74a40","2daParte:Acto3/Fogata/LiilthRecogerPertenencias","Dialogo","Has recogido el peluche de Amara y el lazo de NIra","You picked up Amara's stuffed toy and Nira's ribbon"
"t_1ff25f1c8d95","2daParte:Acto3/Fogata/LilithAlphaFOgata","Dialogo","Lilith cálmate. Sé que duele. Sé lo que has visto pero gritar y llorar sola no traerá nada de vuelta.","Lilith, calm yourself. I know it hurts. I know what you saw, but screaming and crying alone won't bring anything back."
"t_b154122a6384","2daParte:Acto3/Fogata/LilithAlphaFOgata","Dialogo","¡No… no puedo… yo… yo debía protegerlas!","No… I can't… I… I was supposed to protect them!"
"t_e88e8e79b36b","2daParte:Acto3/Fogata/LilithAlphaFOgata","Dialogo","Lo sé… lo sé, tu corazón es puro. Siempre has querido cuidar de los demás. Esa es la razón por la que te confío estas tareas.","I know… I know, your heart is pure. You have always wanted to care for others. That is why I entrust you with these tasks."
"t_6f91a43f9861","2daParte:Acto3/Fogata/LilithAlphaFOgata","Dialogo","Pero hay momentos en los que incluso los mejores de nosotros no podemos cambiar lo que ha sucedido.","But there are moments when even the best of us cannot change what has already happened."
"t_fb9aa030e930","2daParte:Acto3/Fogata/LilithAlphaFOgata","Dialogo","Yo… yo las dejé… no debí…","I… I left them… I shouldn't…"
"t_5ba7235c3f1f","2daParte:Acto3/Fogata/LilithAlphaFOgata","Dialogo","La culpa no te pertenece por completo, Lilith. Has hecho lo que estaba a tu alcance.","The blame is not entirely yours, Lilith. You did what was within your reach."
"t_31fb8074b162","2daParte:Acto3/Fogata/LilithAlphaFOgata","Dialogo","Nadie sabrá la verdad de lo que ocurrió, y Delta se encargará de cubrirlo. Nadie te juzgará.","No one will know the truth of what happened, and Delta will see that it is covered. No one will judge you."
"t_afb7c1887be1","2daParte:Acto3/Fogata/LilithAlphaFOgata","Dialogo","Ahora necesitas recuperar tu fuerza, tu claridad aunque tu corazón esté herido.","Now you must recover your strength, your clarity, even if your heart is wounded."
"t_3b663474a7e6","2daParte:Acto3/Fogata/LilithAlphaFOgata","Dialogo","¿De verdad… nadie lo sabrá?","Really… no one will know?"
"t_80834ae7ee01","2daParte:Acto3/Fogata/LilithAlphaFOgata","Dialogo","Sí. Confía en mí. Ven, tranquilízate. Respira. Deja que el mundo se calme alrededor de ti un instante.","Yes. Trust me. Come, be still. Breathe. Let the world grow quiet around you for a moment."
"t_13c2746a34e8","2daParte:Acto3/Fogata/LilithAlphaFOgata","Dialogo","Recuerda, esta familia, todos nosotros nos sostenemos entre nosotros.","Remember, this Family, all of us, we hold one another up."
"t_cfe063dd260e","2daParte:Acto3/Fogata/LilithAlphaFOgata","Dialogo","Nadie queda atrás, ni siquiera cuando parece que todo se ha perdido.","No one is left behind, not even when it seems that all is lost."
"t_07c1a03298e3","2daParte:Acto3/Fogata/LilithAlphaFOgata","Dialogo","Confía en mí, Lilith. Confía en la familia. Te devolveré tu fuerza.","Trust me, Lilith. Trust the Family. I will give you back your strength."
"t_0e30ca646919","2daParte:Acto3/Fogata/LilithAlphaFOgata","Dialogo","Toma esto. Te ayudará a calmar tu mente, a que tu corazón deje de desgarrarse por un momento.","Take this. It will help calm your mind, and stop your heart from tearing itself apart for a moment."
"t_5c733d50c441","2daParte:Acto3/Fogata/LilithAlphaFOgata","Dialogo","Déjate sostener, Lilith. La familia siempre te levantará.","Let yourself be held, Lilith. The Family will always lift you up."
"t_6f32ad790645","2daParte:Acto3/Fogata/LilithAlphaFOgata","Dialogo","*Bebes el néctar de la botella que te da Alpha*","*You drink the Nectar from the bottle Alpha gives you*"
"t_712c5a41ebe4","2daParte:Acto3/Fogata/LilithAlphaFOgata","Dialogo","Lilith, ahora debes alimentar el árbol con las esencias que te han confiado.","Lilith, now you must feed the Tree with the essences that were entrusted to you."
"t_e8f502d7a7c2","2daParte:Acto3/Fogata/LilithAlphaFOgata","Dialogo","S-sí… lo haré… todo lo que me digas…","Y-yes… I'll do it… whatever you tell me…"
"t_6ee557af1117","2daParte:Acto3/Fogata/LilithAlphaFOgata","Dialogo","Coge el peluche de Amara, su amor y cuidado están ligados a ella. No te olvides del lazo de Nira. Su ternura y paciencia…","Take Amara's stuffed toy, her love and her care are bound to it. And don't forget Nira's ribbon. Her tenderness and patience…"
"t_a72247f23de4","2daParte:Acto3/Fogata/LilithAlphaFOgata","Dialogo","S-sí… iré… tal como dices…","Y-yes… I'll go… as you say…"
"t_3ce1609442c3","2daParte:Acto3/Fogata/LilithDialogoMuertas","Dialogo","No... No... No... No...","No... No... No... No..."
"t_168d3eca0fd3","2daParte:Acto3/Fogata/LilithDialogoMuertas","Dialogo","Yo... yo no debería haberme ido...","I... I never should have left..."
"t_3ca2a4ab18f5","2daParte:Acto3/Fogata/LilithDialogoMuertas","Dialogo","Dije que volvería... lo dije...","I said I'd come back... I said it..."
"t_0858b8051de9","2daParte:Acto3/Fogata/LilithDialogoMuertas","Dialogo","Esto… esto no tenía que pasar… Yo os dejé aquí… Amara… tu hijo…","This… this wasn't supposed to happen… I left you here… Amara… your baby…"
"t_bf98dbb785a5","2daParte:Acto3/Fogata/LilithDialogoMuertas","Dialogo","Nira… No… no puedo… no puedo con esto… Por favor… que alguien me perdone…","Nira… No… I can't… I can't do this… Please… somebody forgive me…"
"t_c00a112ee48d","2daParte:Acto3/Fogata/LilithFogataDialogo","Dialogo","Voy a volver un momento a las cabañas. Creo que olvidé los suministros que Alpha dijo que trajera. No tardaré.","I'm going back to the cabins for a moment. I think I forgot the supplies Alpha told me to bring. I won't be long."
"t_071292ade9d2","2daParte:Acto3/Fogata/MisionIrAlArbol","Objetivo de mision","VE AL ÁRBOL Y ENTREGA LOS OBJETOS DE NIRA Y AMARA","GO TO THE TREE AND HAND OVER NIRA AND AMARA'S BELONGINGS"
"t_acc7fec3ccaa","2daParte:Acto3/Fogata/MisionRecoger","Objetivo de mision","RECOGE LAS PERTENENCIAS DE AMARA Y NIRA Y DÉJALAS EN EL ÁRBOL","COLLECT AMARA AND NIRA'S BELONGINGS AND LEAVE THEM AT THE TREE"
"t_c944b2d3fc71","2daParte:Acto3/Fogata/MisionVolverACasa","Objetivo de mision","VUELVE A TU HABITACIÓN A POR LOS SUMINISTROS","GO BACK TO YOUR ROOM FOR THE SUPPLIES"
"t_96a3fe5e2685","2daParte:Acto3/Fogata/NiraFogataDialogo","Dialogo","Aquí… el ruido se apaga un poco.","Here… the noise dies down a little."
"t_c781a3086eab","2daParte:Acto3/Fogata/NiraFogataDialogo","Dialogo","A veces pienso que, si respiro hondo, todo vuelve a su sitio… aunque sea por un rato.","Sometimes I think that if I breathe deep, everything goes back to its place… even if only for a while."
"t_85b4c1881ac9","2daParte:Acto3/Fogata/NiraFogataDialogo","Dialogo","Gracias por venir. Me hacía falta no estar sola con mis pensamientos.","Thanks for coming. I needed not to be alone with my thoughts."
"t_08168c2bbd1a","2daParte:Acto3/Fogata/Nota17","Nota de lore","...No puedo dejar que le pase nada a Nube. Ella confía en mí, y yo no voy a permitir que este lugar le robe la poca luz que le queda en los ojos. Lin cree que exageramos, que Alpha solo quiere proteger al bebé y darle un hogar seguro lejos de la miseria de las ciudades, pero está ciego. 

Teníamos un plan perfecto. Lin, el bebé, Nube y yo nos iríamos justo antes de la ceremonia del Brote, aprovechando la niebla de la madrugada por el sendero trasero que Bortis nos enseñó antes de desaparecer.

Teníamos las mochilas preparadas, algo de comida y la esperanza de volver a ser libres. 

Pero algo ha salido mal. He oído gritos cerca del invernadero y las luces se mueven hacia las cabañas. Si alguien encuentra este cuaderno... por favor, buscadnos. Lin, lo siento tanto, debimos irnos antes. El bebé no merece crecer en esta oscuridad...","...I cannot let anything happen to Nube. She trusts me, and I am not going to let this place steal the little light she has left in her eyes. Lin thinks we are exaggerating, that Alpha only wants to protect the baby and give it a safe home far from the misery of the cities, but he is blind. 

We had a perfect plan. Lin, the baby, Nube and I were going to leave right before the Sprout ceremony, using the fog at dawn, along the back trail Bortis showed us before he disappeared.

We had the packs ready, some food and the hope of being free again. 

But something has gone wrong. I heard screaming near the greenhouse and the lights are moving toward the cabins. If anyone finds this notebook... please, look for us. Lin, I am so sorry, we should have left sooner. The baby does not deserve to grow up in this darkness..."
"t_8a0e2cc3f98b","2daParte:Acto3/GraneroInterior/DespuesDePuzzleCajas","Dialogo","Ya te tengo pequeñín, mira que majo eres","Got you, little guy, look how sweet you are"
"t_36fc6e18f5e6","2daParte:Acto3/GraneroInterior/DespuesDePuzzleCajas","Dialogo","(Sonidos de conejo feliz)","(Happy rabbit sounds)"
"t_236ab8ed3582","2daParte:Acto3/GraneroInterior/DespuesDePuzzleCajas","Nombre de hablante","Nube","Nube"
"t_31bfb7e15465","2daParte:Acto3/GraneroInterior/MisionConejoAmara","Objetivo de mision","VUELVE PARA ENTREGAR A NUBE A AMARA","TAKE NUBE BACK TO AMARA"
"t_0e8da8f3ec26","2daParte:Acto3/HabitacionLilith2/LobosAullar","Dialogo","AAAAAUUUUUUUUUUUUUUUUUU","AAAAAUUUUUUUUUUUUUUUUUU"
"t_2ad0c6199cfc","2daParte:Acto3/HabitacionLilith2/LobosAullar","Dialogo","¿Que ha sido ese sonido?","What was that sound?"
"t_659a01cbf847","2daParte:Acto3/HabitacionLilith2/MisionMapa","Objetivo de mision","A PARTIR DE AHORA PUEDES USAR LA M PARA ABRIR EL MAPA","FROM NOW ON YOU CAN PRESS M TO OPEN THE MAP"
"t_393e15c21dd5","2daParte:Acto3/HabitacionLilith2/MisionVolver","Objetivo de mision","VUELVE A LA FOGATA A VER QUE HA OCURRIDO","GO BACK TO THE CAMPFIRE AND SEE WHAT HAPPENED"
"t_0ba61aa32a73","2daParte:Acto3/HabitacionLilith2/MochilaRecoger","Dialogo","Has recogido la mochila","You picked up the backpack"
"t_91fe032b208a","2daParte:Acto3/InvernaderoPorDentro/DeltaLilithInvernadero","Dialogo","Buenos días Lilith, dime… ¿has visto a Gamma por aquí?","Good morning, Lilith, tell me… have you seen Gamma around here?"
"t_1652e3521fc0","2daParte:Acto3/InvernaderoPorDentro/DeltaLilithInvernadero","Opcion de dialogo","No, no la he visto hoy… ¿por qué?","No, I haven't seen her today… why?"
"t_687d801e120d","2daParte:Acto3/InvernaderoPorDentro/DeltaLilithInvernadero","Opcion de dialogo","¿Está pasando algo con ella?","Is something going on with her?"
"t_6eb8ca11b37e","2daParte:Acto3/InvernaderoPorDentro/DeltaLilithInvernadero","Opcion de dialogo","No… ¿debería preocuparme?","No… should I be worried?"
"t_a91a2eb5d898","2daParte:Acto3/InvernaderoPorDentro/DeltaLilithInvernadero","Dialogo","Si la ves dímelo, necesito hablar con ella","If you see her, tell me, I need to talk to her"
"t_dfa85580f0dc","2daParte:Acto3/InvernaderoPorDentro/DeltaLilithInvernadero","Dialogo","¿Vale…?","Okay…?"
"t_27633efc184e","2daParte:Acto3/InvernaderoPorDentro/DeltaLilithInvernadero","Dialogo","Por cierto, pásate por la zona de cabañas, me preguntaron por ti.","By the way, stop by the cabins, they were asking about you."
"t_a4cbd21f4a3d","2daParte:Acto3/InvernaderoPorDentro/DeltaLilithInvernadero (+5)","Nombre de hablante","Delta","Delta"
"t_fac930cd4147","2daParte:Acto3/InvernaderoPorDentro/MisionVolverALasCasas","Objetivo de mision","VE HACIA LA ZONA DE LAS CASAS","HEAD TOWARD THE HOUSES"
"t_5e1f55ab69f0","2daParte:Acto3/InvernaderoPorDentro/NiraLilithInvernadero","Dialogo","No… no puede ser… ¿dónde estás? ¡¿Dónde estás?!","No… it can't be… where are you? Where are you?!"
"t_8c4191aa9fde","2daParte:Acto3/InvernaderoPorDentro/NiraLilithInvernadero","Dialogo","Nira… ¿estás bien?","Nira… are you okay?"
"t_622a4159c308","2daParte:Acto3/InvernaderoPorDentro/NiraLilithInvernadero","Dialogo","No. No estoy bien. Cael me pidió hierba lunar para preparar los ungüentos de esta tarde y no la encuentro.","No. I'm not okay. Cael asked me for moonherb to prepare this afternoon's salves and I can't find it."
"t_73e8815fa9cb","2daParte:Acto3/InvernaderoPorDentro/NiraLilithInvernadero","Dialogo","¿Se ha perdido?","Is it lost?"
"t_7b34d877dedf","2daParte:Acto3/InvernaderoPorDentro/NiraLilithInvernadero","Dialogo","No lo sé. Tal vez alguien la tomó sin avisarme. Tal vez la movieron.","I don't know. Maybe someone took it without telling me. Maybe they moved it."
"t_d10164324702","2daParte:Acto3/InvernaderoPorDentro/NiraLilithInvernadero","Dialogo","O… tal vez la mezclé con otras. Es que todas se parecen cuando se secan y… ahora no sé qué es qué.","Or… maybe I mixed it in with the others. They all look alike once they're dried and… now I don't know what's what."
"t_1d0969b95f0b","2daParte:Acto3/InvernaderoPorDentro/NiraLilithInvernadero","Dialogo","¿Quieres que te ayude a buscarla?","Do you want me to help you look for it?"
"t_5bda965902ce","2daParte:Acto3/InvernaderoPorDentro/NiraLilithInvernadero","Dialogo","Sí… por favor. No quiero decepcionarlos otra vez. Tiene como una textura sedosa y las hojas curvadas.","Yes… please. I don't want to let them down again. It has a sort of silky texture and curved leaves."
"t_95778a77f721","2daParte:Acto3/InvernaderoPorDentro/NiraLilithInvernadero2","Dialogo","Creo que esta es la hierba lunar…","I think this one is the moonherb…"
"t_98270f227bdf","2daParte:Acto3/InvernaderoPorDentro/NiraLilithInvernadero2","Dialogo","¡Sí! Sí, esta es… ¿cómo la reconociste tan rápido?","Yes! Yes, that's it… how did you recognize it so fast?"
"t_0096db70c70e","2daParte:Acto3/InvernaderoPorDentro/NiraLilithInvernadero2","Dialogo","Tengo un don.","I have a gift."
"t_162247a7d063","2daParte:Acto3/InvernaderoPorDentro/NiraLilithInvernadero2","Dialogo","No sabes lo que me ayudas… A veces siento que… todo esto me sobrepasa.","You've no idea how you help me… Sometimes I feel like… all this is too much for me."
"t_92d53ec301ee","2daParte:Acto3/InvernaderoPorDentro/NiraLilithInvernadero2","Dialogo","Quiero hacerlo bien, de verdad, pero tengo miedo constante de fallar.","I want to do it right, I really do, but I'm constantly afraid of failing."
"t_8f734aa99fe1","2daParte:Acto3/InvernaderoPorDentro/NiraLilithInvernadero2","Dialogo","(Lilith recibe un abrazo de Nira)","(Nira pulls Lilith into a hug)"
"t_f5806c3a5adc","2daParte:Acto3/InvernaderoPorDentro/NiraLilithInvernadero2","Dialogo","Gracias Lilith.","Thank you, Lilith."
"t_8a1941bee5e0","2daParte:Acto3/InvernaderoPorDentro/Nota16","Nota de lore","Fecha: 12 de Septiembre de 2024 
Para: Alpha  

Alpha, las últimas muestras de la raíz son alarmantes. Al Gran Árbol no le queda mucho tiempo. El Néctar estándar que destilamos de las capas superficiales ya no es suficiente para mantener el tejido vivo; la tierra de este valle se está agotando y la estructura biológica del núcleo está colapsando. 

Los pequeños rituales solo sirven como parches temporales. Si queremos salvar el proyecto, consolidar nuestro poder y asegurar el futuro de nuestra gran familia, necesitamos un catalizador diferente. Un sacrificio de alto calibre. Una mente con una conductividad emocional pura y devastada que se entregue por completo a la raíz central para revitalizar el flujo.","Date: September 12, 2024 
To: Alpha  

Alpha, the latest root samples are alarming. The Great Tree does not have much time left. The standard Nectar we distill from the surface layers is no longer enough to keep the tissue alive; the soil of this valley is running out and the biological structure of the core is collapsing. 

The small rituals only work as temporary patches. If we want to save the project, consolidate our power and secure the future of our great Family, we need a different catalyst. A sacrifice of high caliber. A mind with pure, devastated emotional conductivity that surrenders itself completely to the central root to revitalize the flow."
"t_bc6ea3971532","2daParte:Acto3/InvernaderoPorDentro/PuzzlePlantas/PuzzlePlantas","Mensaje de puzle","Tipo incorrecto","Wrong type"
"t_151ccfa5436e","2daParte:Acto3/Jardinería y pesca/FinMisionPurificarPlantas","Objetivo de mision","VUELVE A TU CASA Y HABLA CON ALPHA","GO BACK HOME AND TALK TO ALPHA"
"t_6845ed6c01d7","2daParte:Acto3/Jardinería y pesca/JesalDialogoJYP","Dialogo","¡Lilith! Justo pensaba en ti. ¿Ves? Las semillas de Hespérides ya están brotando. Es un milagro cotidiano.","Lilith! I was just thinking about you. See? The Hesperides seeds are already sprouting. An everyday miracle."
"t_32a382fd8590","2daParte:Acto3/Jardinería y pesca/JesalDialogoJYP","Dialogo","Mira a este pequeño. Es la alegría de Amara. Lo cuido yo mientras ella descansa.","Look at this little guy. He's Amara's joy. I look after him while she rests."
"t_18816feddd0a","2daParte:Acto3/Jardinería y pesca/JesalDialogoJYP","Dialogo","Dice que el bebé patea de emoción cada vez que Nube salta cerca de su vientre","She says the baby kicks with excitement every time Nube hops near her belly"
"t_567b96ad4591","2daParte:Acto3/Jardinería y pesca/JesalDialogoJYP","Dialogo","Es... un vínculo tan puro, ¿no crees? Como un presagio de la nueva vida que viene.","It's... such a pure bond, don't you think? Like an omen of the new life that's coming."
"t_79b068646c62","2daParte:Acto3/Jardinería y pesca/JesalDialogoJYP","Dialogo","¿Verdad que es precioso? A veces pienso que los animales son los únicos que no juzgan, que solo dan amor.","Isn't he beautiful? Sometimes I think animals are the only ones who don't judge, who only give love."
"t_9fc59be6022d","2daParte:Acto3/Jardinería y pesca/JesalDialogoJYP","Dialogo","Él ni siquiera se come las Hespérides, solo las malas hierbas.  Es un alma inocente.","He doesn't even eat the Hesperides, only the weeds. He's an innocent soul."
"t_a60336660bcf","2daParte:Acto3/Jardinería y pesca/JesalDialogoJYP","Dialogo","Me alegra que estés aquí, Lilith. Al principio, Jase me dijo que desconfiara... pero yo siento que tú también buscas esa pureza, esa conexión verdadera con nosotros.","I'm glad you're here, Lilith. At first, Jase told me not to trust you... but I feel that you're looking for that purity too, that true connection with us."
"t_d256d933173e","2daParte:Acto3/Jardinería y pesca/JesalDialogoJYP","Dialogo","Este lugar nos está sanando a todos, a nuestra manera. Hasta a los más... dañados.","This place is healing all of us, each in our own way. Even the most... damaged."
"t_4e844bc6b335","2daParte:Acto3/Jardinería y pesca/JesalDialogoJYP","Dialogo","Oye, he visto a Cairen buscándote. Parecía tener prisa.","Hey, I saw Cairen looking for you. He seemed to be in a hurry."
"t_9284c5cb29b0","2daParte:Acto3/Jardinería y pesca/JesalDialogoJYP","Dialogo","Mi hermano... Seguro que es algo del cerco. Luego le veré. Primero debo ir a preparar el té de Elara.","My brother... It's probably something about the perimeter. I'll see him later. First I have to go make Elara's tea."
"t_dc3ec68fcfdc","2daParte:Acto3/Jardinería y pesca/JesalDialogoJYP","Dialogo","Cuida de Nube por mí, ¿vale? Sé que estará seguro contigo.","Take care of Nube for me, okay? I know he'll be safe with you."
"t_b8310bbff0de","2daParte:Acto3/Jardinería y pesca/MisionPurificarPlantas","Objetivo de mision","USA EL VIAL DE ALPHA PARA PURIFICAR LAS PLANTAS","USE ALPHA'S VIAL TO PURIFY THE PLANTS"
"t_f015b459e1fd","2daParte:Acto3/Jardinería y pesca/PlantasPurificadas","Dialogo","Has purificado las plantas","You have purified the plants"
"t_a60658772d8f","2daParte:Acto3/NombreZonas/Arbol","Nombre de zona","ÁRBOL","THE TREE"
"t_0b4762406bb1","2daParte:Acto3/NombreZonas/Biblioteca","Nombre de zona","BIBLIOTECA","LIBRARY"
"t_ec89de773a8a","2daParte:Acto3/NombreZonas/Casas","Nombre de zona","CASAS","HOUSES"
"t_487b68571a23","2daParte:Acto3/NombreZonas/CentroDelJardin","Nombre de zona","CENTRO JARDÍN","CENTRAL GARDEN"
"t_0d0c877de347","2daParte:Acto3/NombreZonas/Comedor","Nombre de zona","COMEDOR","DINING HALL"
"t_b85d914b597c","2daParte:Acto3/NombreZonas/Derrumbamiento","Nombre de zona","DERRUMBAMIENTO","COLLAPSE"
"t_867a3fa6892a","2daParte:Acto3/NombreZonas/EntradaBosque","Nombre de zona","ENTRADA BOSQUE","FOREST ENTRANCE"
"t_31ded3a72376","2daParte:Acto3/NombreZonas/EntradaGranero","Nombre de zona","ENTRADA GRANERO","BARN ENTRANCE"
"t_4de66429788e","2daParte:Acto3/NombreZonas/EntradaInvernadero","Nombre de zona","ENTRADA INVERNADERO","GREENHOUSE ENTRANCE"
"t_f050bb675869","2daParte:Acto3/NombreZonas/EntradaJArdin","Nombre de zona","ENTRADA JARDÍN","GARDEN ENTRANCE"
"t_d672dbd7e924","2daParte:Acto3/NombreZonas/Estatuas","Nombre de zona","ESTATUAS","STATUES"
"t_c58bc21627df","2daParte:Acto3/NombreZonas/Fogata","Nombre de zona","FOGATA","CAMPFIRE"
"t_339188ac33af","2daParte:Acto3/NombreZonas/Granero","Nombre de zona","GRANERO","BARN"
"t_e2d6334a86b7","2daParte:Acto3/NombreZonas/HabitacionLilith","Nombre de zona","HABITACIÓN","BEDROOM"
"t_7cfe7ca3a2ed","2daParte:Acto3/NombreZonas/Invernadero","Nombre de zona","INVERNADERO","GREENHOUSE"
"t_0e4befe8cedb","2daParte:Acto3/NombreZonas/JardineriaYPesca","Nombre de zona","JARDINERÍA Y PESCA","GARDENING AND FISHING"
"t_3be6ca69c723","2daParte:Acto3/NombreZonas/Plaza","Nombre de zona","PLAZA","SQUARE"
"t_17837d7da2c4","2daParte:Acto3/NombreZonas/Pozo","Nombre de zona","POZO","THE WELL"
"t_7d4fda08f16e","2daParte:Acto3/Plaza/LilithAlphaPLaza","Dialogo","Lilith, sé que hoy ha sido difícil. Pero has hecho exactamente lo que se esperaba de ti.","Lilith, I know today has been hard. But you did exactly what was expected of you."
"t_db041323cca9","2daParte:Acto3/Plaza/LilithAlphaPLaza","Dialogo","En una familia de verdad, no siempre podemos permitirnos elegir lo que duele menos.","In a true family, we can't always afford to choose what hurts least."
"t_c9722c94c574","2daParte:Acto3/Plaza/LilithAlphaPLaza","Dialogo","A veces, ayudar a la familia implica cargar con decisiones que otros no podrían soportar","Sometimes, helping the Family means carrying decisions others could never bear"
"t_b870409df251","2daParte:Acto3/Plaza/LilithAlphaPLaza","Dialogo","Yo… solo hice lo que era necesario.","I… only did what was necessary."
"t_040db2902651","2daParte:Acto3/Plaza/LilithAlphaPLaza","Dialogo","Y eso dice mucho de ti. Tu árbol crece porque no huyes del peso.","That says much about you. Your tree grows because you don't flee the weight."
"t_7cd50e810d96","2daParte:Acto3/Plaza/LilithAlphaPLaza","Dialogo","Porque entiendes que el bienestar común está por encima del apego individual.","Because you understand that the common good stands above individual attachment."
"t_f652cb3d955f","2daParte:Acto3/Plaza/LilithAlphaPLaza","Dialogo","Amara está destrozada. Y Nira aunque no lo muestre, también está al límite.","Amara is shattered. And Nira, though she doesn't show it, is also at her limit."
"t_4f5618697806","2daParte:Acto3/Plaza/LilithAlphaPLaza","Dialogo","Sé que tú tienes una buena relación con ambas. Te escuchan. Confían en ti.","I know you have a good bond with them both. They listen to you. They trust you."
"t_93ff9c218ce7","2daParte:Acto3/Plaza/LilithAlphaPLaza","Dialogo","Sí… Ellas… confían en mí","Yes… They… trust me"
"t_4f078c1aecf9","2daParte:Acto3/Plaza/LilithAlphaPLaza","Dialogo","Por eso quiero pedirte algo más. Nada duro. Nada cruel. Llévalas a un sitio apartado. Un lugar tranquilo, lejos del ruido del asentamiento.","That is why I want to ask one more thing of you. Nothing harsh. Nothing cruel. Take them somewhere secluded. A quiet place, far from the noise of the settlement."
"t_38a4f96cee41","2daParte:Acto3/Plaza/LilithAlphaPLaza","Dialogo","Cerca del antiguo granero. Que respiren. Que se despejen. Que recuerden que la familia también sabe cuidar.","Near the old barn. Let them breathe. Let them clear their heads. Let them remember the Family knows how to care, too."
"t_2e490ef1f04f","2daParte:Acto3/Plaza/LilithAlphaPLaza","Dialogo","¿Ahora…?","Now…?"
"t_81b7d7446930","2daParte:Acto3/Plaza/LilithAlphaPLaza","Dialogo","Si, mientras estés con ellas, olvida tus tareas, todas. Ya has hecho suficiente por hoy. Confío en ti, Lilith","Yes, while you're with them, forget your duties, all of them. You've done enough for today. I trust you, Lilith"
"t_9c4c7838ebd7","2daParte:Acto3/Plaza/LilithAlphaPLaza","Dialogo","Y la familia también","And so does the Family"
"t_72946c8f6106","2daParte:Acto3/Plaza/LilithAlphaPLaza","Dialogo","Haré lo que haga falta","I'll do whatever it takes"
"t_63b6a46b7f16","2daParte:Acto3/Plaza/MisionBuscarNira","Objetivo de mision","BUSCA A NIRA EN EL LABERINTO","FIND NIRA IN THE MAZE"
"t_e11497ba4eb9","2daParte:Acto3/Pozo/Nota15","Nota de lore","DIRECTIVA DE SEGURIDAD INTERNA — PROTOCOLO DE CONTENCIÓN 
Emite: Delta 

- Objetivo: Localización y neutralización del Sujeto Gamma. 

- Instrucciones urgentes: 

El Sujeto Gamma ha mostrado un rechazo biológico y ha huido del ala de confinamiento. 

Si el sujeto es avistado merodeando, se autoriza el uso de la fuerza física para su inmovilización. No se permite el diálogo. Su mente está fragmentada y sus palabras pueden alterar la paz de los nuevos iniciados. 

Una vez capturada, trasládenla directamente a los aposentos de Alpha, este determinará si su energía aún puede ser devuelta al Árbol o si se procederá a su aislamiento definitivo en la zona de manuscritos. Mantengan el orden. El Árbol vigila.","INTERNAL SECURITY DIRECTIVE — CONTAINMENT PROTOCOL 
Issued by: Delta 

- Objective: Location and neutralization of Subject Gamma. 

- Urgent instructions: 

Subject Gamma has displayed biological rejection and has fled the confinement wing. 

If the subject is sighted wandering the grounds, the use of physical force is authorized to immobilize her. Dialogue is not permitted. Her mind is fragmented and her words may disturb the peace of the new initiates. 

Once captured, transfer her directly to Alpha's quarters; he will determine whether her energy can still be returned to the Tree or whether we proceed to her permanent isolation in the manuscript area. Maintain order. The Tree is watching."
"t_ab90de74de84","2daParte:Acto3/Pozo/SafirasDeLin","Dialogo","Has obtenido ""Bolsa de Safiras de Lin""","You have obtained ""Lin's Bag of Safiras"""
"t_56958c79d5e3","2daParte:Acto4/Arbol (1)/CairenArbolHermanas","Dialogo","Cairen...?","Cairen...?"
"t_44d0f4a10077","2daParte:Acto4/Arbol (1)/CairenArbolHermanas","Dialogo","¿Sabes qué me pidieron anoche? La pequeña no podía dormir. Decía que cuando nos fuéramos quería una casa con ventanas grandes.","You know what they asked me last night? The little one couldn't sleep. She said that when we left she wanted a house with big windows."
"t_5b38a2cd9a36","2daParte:Acto4/Arbol (1)/CairenArbolHermanas","Dialogo","Yo les dije que sí. Míralas. ¿Ves esos carteles? ¿Traidora? ¿Infiel? ...¿A quién traicionaron? ¿A quién fueron infieles? Yo las traje aquí.","And I said yes. Look at them. You see those signs? Traitor? Unfaithful? ...Who did they betray? Who were they unfaithful to? I brought them here."
"t_d78a0395e06f","2daParte:Acto4/Arbol (1)/CairenArbolHermanas","Dialogo","Yo confié. Yo les dije que este lugar era seguro.","I trusted. I told them this place was safe."
"t_1e2ec2119b65","2daParte:Acto4/Arbol (1)/CairenArbolHermanas","Opcion de dialogo","No podías saberlo.","You couldn't know."
"t_79d6e9c8407a","2daParte:Acto4/Arbol (1)/CairenArbolHermanas","Opcion de dialogo","Esto no fue culpa tuya.","This wasn't your fault."
"t_9327e5577199","2daParte:Acto4/Arbol (1)/CairenArbolHermanas","Dialogo","Soy su hermano mayor. Mi trabajo era saberlo.","I'm their big brother. It was my job to know."
"t_fa6fa438e274","2daParte:Acto4/Arbol (1)/CairenArbolHermanas","Dialogo","Prometí que nadie las volvería a tocar. Y míralas. Yo iba a sacarlas de aquí mañana.","I promised no one would touch them again. And look at them. I was taking them out tomorrow."
"t_8ec02ec7ac17","2daParte:Acto4/Arbol (1)/CairenArbolHermanas","Dialogo","Confiaron en ti.","They trusted you."
"t_63a486805506","2daParte:Acto4/Arbol (1)/CairenArbolHermanas","Dialogo","Sí. Confiaron en mí...","Yes. They trusted me..."
"t_7699315e0856","2daParte:Acto4/Arbol (1)/CairenArbolHermanas","Dialogo","Fallé. Dime que no fue culpa mía. DÍMELO LILITH. Haz el favor...","I failed. Tell me it wasn't my fault. TELL ME LILITH. Do me that favor..."
"t_992c0216de89","2daParte:Acto4/Arbol (1)/CairenArbolHermanas","Opcion de dialogo","¡TE LO MERECES!","YOU DESERVE IT!"
"t_992c0216de89_1d4b","2daParte:Acto4/Arbol (1)/CairenArbolHermanas","Opcion de dialogo","¡TE LO MERECES!","YOU DESERVE IT!"
"t_992c0216de89_aea2","2daParte:Acto4/Arbol (1)/CairenArbolHermanas","Opcion de dialogo","¡TE LO MERECES!","YOU DESERVE IT!"
"t_ceecccf08637","2daParte:Acto4/Arbol (1)/CairenArbolHermanas","Dialogo","Eso pensaba que diría el mundo. Pero no tú. Yo te defendí cuando otros dudaban. Yo dije que tú no eras como ellos. Me equivoqué.","That's what I thought the world would say. But not you. I defended you when others doubted. I said you weren't like them. I was wrong."
"t_dd3f32624d1d","2daParte:Acto4/Arbol (1)/CairenArbolHermanas","Dialogo","¿Sabes qué es lo peor? Que si pudiera volver atrás volvería a traerlas. Porque incluso esto era mejor que el lugar del que huíamos.","You know what the worst part is? That if I could go back, I'd bring them again. Because even this was better than the place we were running from."
"t_c3a7be16b341","2daParte:Acto4/Arbol (1)/CairenArbolHermanas","Dialogo","No te preocupes. No voy a fallarles otra vez. Esta vez sí me pondré delante. Cuida de que alguien te quiera algún día, Lilith.","Don't worry. I won't fail them again. This time I will stand in front. Make sure someone loves you someday, Lilith."
"t_a7ac78aada05","2daParte:Acto4/Arbol (1)/CairenArbolHermanas","Dialogo","Porque cuando te quedes sola no vas a poder culpar a nadie. ... Adiós, Lilith.","Because when you're left alone, you won't have anyone to blame. ... Goodbye, Lilith."
"t_5f1e469a3ffa","2daParte:Acto4/Arbol (1)/CairenArbolHermanas","Dialogo","Adiós, Cairen","Goodbye, Cairen"
"t_47437a3f48fa","2daParte:Acto4/Arbol (1)/CairenArbolHermanas","Dialogo","Cuando alguien jura proteger… y falla… eso tiene nombre. Se llama culpa.","When someone swears to protect… and fails… that has a name. It's called guilt."
"t_fa6fa438e274_24f2","2daParte:Acto4/Arbol (1)/CairenArbolHermanas","Dialogo","Prometí que nadie las volvería a tocar. Y míralas. Yo iba a sacarlas de aquí mañana.","I promised no one would touch them again. And look at them. I was taking them out tomorrow."
"t_8ec02ec7ac17_0289","2daParte:Acto4/Arbol (1)/CairenArbolHermanas","Dialogo","Confiaron en ti.","They trusted you."
"t_63a486805506_8ae4","2daParte:Acto4/Arbol (1)/CairenArbolHermanas","Dialogo","Sí. Confiaron en mí...","Yes. They trusted me..."
"t_7699315e0856_bd0e","2daParte:Acto4/Arbol (1)/CairenArbolHermanas","Dialogo","Fallé. Dime que no fue culpa mía. DÍMELO LILITH. Haz el favor...","I failed. Tell me it wasn't my fault. TELL ME LILITH. Do me that favor..."
"t_85a9fbf1546f","2daParte:Acto4/Arbol (1)/CairenArbolHermanas","Opcion de dialogo","Te lo mereces","You deserve it"
"t_85a9fbf1546f_db58","2daParte:Acto4/Arbol (1)/CairenArbolHermanas","Opcion de dialogo","Te lo mereces","You deserve it"
"t_85a9fbf1546f_8f33","2daParte:Acto4/Arbol (1)/CairenArbolHermanas","Opcion de dialogo","Te lo mereces","You deserve it"
"t_ceecccf08637_dcd4","2daParte:Acto4/Arbol (1)/CairenArbolHermanas","Dialogo","Eso pensaba que diría el mundo. Pero no tú. Yo te defendí cuando otros dudaban. Yo dije que tú no eras como ellos. Me equivoqué.","That's what I thought the world would say. But not you. I defended you when others doubted. I said you weren't like them. I was wrong."
"t_dd3f32624d1d_2cdd","2daParte:Acto4/Arbol (1)/CairenArbolHermanas","Dialogo","¿Sabes qué es lo peor? Que si pudiera volver atrás volvería a traerlas. Porque incluso esto era mejor que el lugar del que huíamos.","You know what the worst part is? That if I could go back, I'd bring them again. Because even this was better than the place we were running from."
"t_c3a7be16b341_7090","2daParte:Acto4/Arbol (1)/CairenArbolHermanas","Dialogo","No te preocupes. No voy a fallarles otra vez. Esta vez sí me pondré delante. Cuida de que alguien te quiera algún día, Lilith.","Don't worry. I won't fail them again. This time I will stand in front. Make sure someone loves you someday, Lilith."
"t_a7ac78aada05_9ab7","2daParte:Acto4/Arbol (1)/CairenArbolHermanas","Dialogo","Porque cuando te quedes sola no vas a poder culpar a nadie. ... Adiós, Lilith.","Because when you're left alone, you won't have anyone to blame. ... Goodbye, Lilith."
"t_5f1e469a3ffa_51ea","2daParte:Acto4/Arbol (1)/CairenArbolHermanas","Dialogo","Adiós, Cairen","Goodbye, Cairen"
"t_b76b67cd30ab","2daParte:Acto4/Arbol (1)/CairenMuertoDialogo","Dialogo","La familia requería este sacrificio.","The Family required this sacrifice."
"t_441022417219","2daParte:Acto4/Arbol (1)/DialogoAntesDeMovimiento ","Dialogo","No puedo... de verdad que no puedo seguir con esto.","I can't... I really can't go through with this."
"t_dbb59e3a2031","2daParte:Acto4/Arbol (1)/DialogoAntesDeMovimiento ","Dialogo","SI PUEDES","YOU CAN"
"t_71a543785a5c","2daParte:Acto4/Arbol (1)/DialogoAntesDeMovimiento ","Dialogo","No... no... no...","No... no... no..."
"t_ecbf9c857825","2daParte:Acto4/Arbol (1)/DialogoAntesDeMovimiento ","Dialogo","SIGUE ADELANTE LILITH","KEEP GOING LILITH"
"t_60f0dbdc60f3","2daParte:Acto4/Arbol (1)/DialogoDuranteElMovimiento","Dialogo","¡DEJA... DE CONTROLARMEEE!","STOP... CONTROLLING MEEE!"
"t_004537f3b1fd","2daParte:Acto4/Arbol (1)/DialogoDuranteElMovimiento","Dialogo","AAAAAAAAAAA","AAAAAAAAAAA"
"t_20b83553cf6a","2daParte:Acto4/Arbol (1)/MisionInteractuarConArbol","Objetivo de mision","INTERACTÚA CON EL ÁRBOL","INTERACT WITH THE TREE"
"t_09e83675fb5d","2daParte:Acto4/Arbol (1)/Nota23","Nota de lore","Para mis hermanitas. Prometedme que pase lo que pase cuando seamos mayores, nunca nos vamos a separar. Aunque el mundo exterior se vuelva gris y papá y mamá ya no estén con nosotras, siempre seremos las tres contra el invierno. Os quiero con todo mi corazón. 

— Cairen.","For my little sisters. Promise me that whatever happens when we are older, we will never be separated. Even if the world outside turns gray and Mom and Dad are no longer with us, it will always be the three of us against the winter. I love you with all my heart. 

— Cairen."
"t_62116c0810cb","2daParte:Acto4/Casas (1)/DeltaLlamaLilith","Dialogo","LILITH","LILITH"
"t_9a3a81a348aa","2daParte:Acto4/Casas (1)/DeltaYLilithDespuesDeLin","Dialogo","Lilith.","Lilith."
"t_0a4e721e5f9e","2daParte:Acto4/Casas (1)/DeltaYLilithDespuesDeLin","Dialogo","Tengo que ver a Alpha.","I have to see Alpha."
"t_b8b9f1367ad6","2daParte:Acto4/Casas (1)/DeltaYLilithDespuesDeLin","Dialogo","No.","No."
"t_238a87f39d78","2daParte:Acto4/Casas (1)/DeltaYLilithDespuesDeLin","Dialogo","Ha pasado algo.","Something happened."
"t_6210553daf48","2daParte:Acto4/Casas (1)/DeltaYLilithDespuesDeLin","Dialogo","Lo sé, ve a la enfermería de Cael. Ahora.","I know, go to Cael's infirmary. Now."
"t_68b8aa4efb7f","2daParte:Acto4/Casas (1)/DeltaYLilithDespuesDeLin","Dialogo","Pero estoy toda manchada de sangre.","But I'm covered in blood."
"t_486e8cf53295","2daParte:Acto4/Casas (1)/DeltaYLilithDespuesDeLin","Dialogo","Di que te has tropezado. Para llegar a la enfermería pasa por la biblioteca.","Say you tripped. To get to the infirmary, go through the library."
"t_9573ec15f91d","2daParte:Acto4/Casas (1)/DeltaYLilithDespuesDeLin","Dialogo","Pero... ¿y Lin?","But... what about Lin?"
"t_e439ae95b2f1","2daParte:Acto4/Casas (1)/DeltaYLilithDespuesDeLin","Dialogo","Yo me encargo de todo. Ve. Tómate esto, te vendrá bien.","I'll take care of everything. Go. Drink this, it'll do you good."
"t_f567770be602","2daParte:Acto4/Casas (1)/DeltaYLilithDespuesDeLin","Dialogo","*Bebes el néctar que te ha dado Delta*","*You drink the Nectar Delta gave you*"
"t_a5d13e8454ef","2daParte:Acto4/Casas (1)/DeltaYLilithDespuesDeLin","Dialogo","Gracias Delta.","Thanks, Delta."
"t_5899edba99f6","2daParte:Acto4/Casas (1)/MisionIrALaEnfermería","Objetivo de mision","LLEGA A LA ENFERMERÍA PASANDO POR LA BIBLIOTECA","REACH THE INFIRMARY THROUGH THE LIBRARY"
"t_01a85de7a197","2daParte:Acto4/CentroDelJardin (1)/CairenJesalJaseCentroJardin","Dialogo","Lilith. Me alegra verte. Ellas son mis hermanas pequeñas. Jase… y Jesal. Bueno, a Jesal ya la conoces","Lilith. Good to see you. These are my little sisters. Jase… and Jesal. Well, you already know Jesal"
"t_e867f3688e23","2daParte:Acto4/CentroDelJardin (1)/CairenJesalJaseCentroJardin","Dialogo","Hola Lilith!","Hi Lilith!"
"t_4f158e0cbce3","2daParte:Acto4/CentroDelJardin (1)/CairenJesalJaseCentroJardin","Dialogo","Siempre han estado conmigo. Desde antes de llegar aquí. Este sitio les ha dado orden. Seguridad. Eso dicen.","They've always been with me. Since before we got here. This place has given them order. Safety. That's what they say."
"t_75b0e546de8b","2daParte:Acto4/CentroDelJardin (1)/CairenJesalJaseCentroJardin","Dialogo","Por cierto, ¿podemos hablar un momento? A solas.","By the way, can we talk for a second? Alone."
"t_13dbbc94aca7","2daParte:Acto4/CentroDelJardin (1)/CairenJesalJaseCentroJardin","Dialogo","Claro, sin problema","Sure, no problem"
"t_4203b023be69","2daParte:Acto4/CentroDelJardin (1)/CairenJesalJaseCentroJardin (+1)","Nombre de hablante","Jase","Jase"
"t_cce53aac3f61","2daParte:Acto4/CentroDelJardin (1)/CairenJesalJaseCentroJardin2","Dialogo","Cuando éramos pequeños… Yo os prometí que nada malo os iba a pasar.","When we were little… I promised you nothing bad would ever happen to you."
"t_e6e771f1d084","2daParte:Acto4/CentroDelJardin (1)/CairenJesalJaseCentroJardin2","Dialogo","No sabía lo que decía. Pero desde entonces… todo lo que hago es intentar que esa mentira no me desborde.","I had no idea what I was saying. But ever since… everything I do is trying to keep that lie from swallowing me."
"t_3f6342070b27","2daParte:Acto4/CentroDelJardin (1)/CairenJesalJaseCentroJardin2","Dialogo","Siempre dices eso como si fuera tu culpa.","You always say that like it's your fault."
"t_6207207c67cd","2daParte:Acto4/CentroDelJardin (1)/CairenJesalJaseCentroJardin2","Dialogo","Porque lo es. Aquí dicen que este sitio cuida de la gente rota.","Because it is. They say this place takes care of broken people."
"t_c87d7ff113aa","2daParte:Acto4/CentroDelJardin (1)/CairenJesalJaseCentroJardin2","Dialogo","No estamos rotas.","We're not broken."
"t_7f34b5c1116f","2daParte:Acto4/CentroDelJardin (1)/CairenJesalJaseCentroJardin2","Dialogo","No. Mañana nos vamos.","No. Tomorrow we're leaving."
"t_f2a347b74090","2daParte:Acto4/CentroDelJardin (1)/CairenJesalJaseCentroJardin2","Dialogo","Bueno tampoco hace falta eso Cairen...","There's no need to go that far, Cairen..."
"t_e59de5122637","2daParte:Acto4/CentroDelJardin (1)/CairenJesalJaseCentroJardin2","Dialogo","Lilith tiene razón, ¿estás seguro?","Lilith's right. Are you sure?"
"t_ffabe453fcd7","2daParte:Acto4/CentroDelJardin (1)/CairenJesalJaseCentroJardin2","Dialogo","Lo estoy chicas.","I am, girls."
"t_099d07482b76","2daParte:Acto4/CentroDelJardin (1)/CairenJesalJaseCentroJardin2","Dialogo","Pero Cairen tu amas este sitio, ¿seguro que estarás bien?","But Cairen, you love this place. Are you sure you'll be okay?"
"t_c567a7d2a2fc","2daParte:Acto4/CentroDelJardin (1)/CairenJesalJaseCentroJardin2","Dialogo","Eso no importa","That doesn't matter"
"t_96d4fae120d8","2daParte:Acto4/CentroDelJardin (1)/CairenJesalJaseCentroJardin2","Dialogo","Sí, sí que importa.","Yes, it does matter."
"t_297ec5074ff1","2daParte:Acto4/CentroDelJardin (1)/CairenJesalJaseCentroJardin2","Dialogo","Cairen, de verdad, piénsalo bien.","Cairen, really, think it through."
"t_967ffe4d67f5","2daParte:Acto4/CentroDelJardin (1)/CairenJesalJaseCentroJardin2","Dialogo","Estaré bien si vosotras estáis bien. Eso es todo lo que necesito. Lilith, estoy seguro que tú entiendes lo que es no encajar aquí.","I'll be fine if the two of you are fine. That's all I need. Lilith, I'm sure you know what it's like not to fit in here."
"t_6c72f672f347","2daParte:Acto4/CentroDelJardin (1)/CairenJesalJaseCentroJardin2","Dialogo","Lo veo en cómo miras alrededor, como si siempre estuvieras pidiendo permiso para respirar. Si quieres puedes venir con nosotras. Empezaremos de cero.","I see it in the way you look around, like you're always asking permission to breathe. Come with us if you want. We'll start from scratch."
"t_ef171cb745a9","2daParte:Acto4/CentroDelJardin (1)/CairenJesalJaseCentroJardin2","Dialogo","Podríamos aprender a hacer pan de verdad. No el de aquí.","We could learn to make real bread. Not the kind they make here."
"t_b989036766bd","2daParte:Acto4/CentroDelJardin (1)/CairenJesalJaseCentroJardin2","Dialogo","Y dormir sin que alguien te observe.","And sleep without someone watching you."
"t_e8ff76e6034b","2daParte:Acto4/CentroDelJardin (1)/CairenJesalJaseCentroJardin2","Dialogo","Empezaré a trabajar. Estoy decidido. Mientras tengáis una vida mejor que todo esto.","I'll start working. My mind is made up. As long as you two get a better life than all this."
"t_ac40b4e9ea43","2daParte:Acto4/CentroDelJardin (1)/CairenJesalJaseCentroJardin2","Dialogo","Piensatelo Lilith. Mañana, al amanecer, estaremos en la entrada.","Think it over, Lilith. Tomorrow, at dawn, we'll be at the entrance."
"t_8ddfdfdfd37b","2daParte:Acto4/CentroDelJardin (1)/CairenJesalJaseCentroJardin2","Dialogo","Lo pensaré.","I'll think about it."
"t_746867fe37de","2daParte:Acto4/CentroDelJardin (1)/CairenLilithSolos","Dialogo","Últimamente la gente está rara. Más que antes. Se distraen. Se callan a mitad de frase. Sonríen cuando no toca.","People have been strange lately. More than before. They drift off. They go quiet mid-sentence. They smile at the wrong moments."
"t_1e3775d8c2b0","2daParte:Acto4/CentroDelJardin (1)/CairenLilithSolos","Dialogo","Y luego pasan cosas… y nadie parece sorprendido. Jesal confía en todo el mundo. Jase dice que no, pero también.","And then things happen… and nobody seems surprised. Jesal trusts everyone. Jase says she doesn't, but she does too."
"t_9bde4d37abb8","2daParte:Acto4/CentroDelJardin (1)/CairenLilithSolos","Dialogo","Y yo no siempre puedo estar con ellas. Necesito saber si puedo confiar en ti para una cosa. No es una tarea. Tiene que ver con sus vidas.","And I can't always be with them. I need to know if I can trust you with something. It isn't a task. It has to do with their lives."
"t_7c08df12a030","2daParte:Acto4/CentroDelJardin (1)/CairenLilithSolos","Opcion de dialogo","Si hay peligro, dímelo. No voy a mirar a otro lado.","If there's danger, tell me. I'm not going to look the other way."
"t_b832423ae586","2daParte:Acto4/CentroDelJardin (1)/CairenLilithSolos","Opcion de dialogo","No lo entiendo todo de este lugar… pero a ellas no las tocará nadie mientras yo esté aquí.","I don't understand everything about this place… but nobody touches them while I'm here."
"t_353b4413ab0a","2daParte:Acto4/CentroDelJardin (1)/CairenLilithSolos","Opcion de dialogo","¿Tú crees que ellas querrían que las ayudase? Aunque eres parte de la familia, te ayudaría igualmente","Do you think they'd even want my help? You're part of the Family, but I'd help you anyway"
"t_86bb7c007971","2daParte:Acto4/CentroDelJardin (1)/CairenLilithSolos","Dialogo","Eso es lo que necesitaba oír. Gracias, Lilith. Acompáñame otra vez, volvamos con mis hermanas.","That's what I needed to hear. Thank you, Lilith. Come with me again, let's get back to my sisters."
"t_cc9c344d038b","2daParte:Acto4/CentroDelJardin (1)/MisionIrComedor","Objetivo de mision","VE AL COMEDOR","GO TO THE DINING HALL"
"t_d67e9d163d31","2daParte:Acto4/CimaDeMontaña/2doDialogoCima (+1)","Nombre de hablante","Senna","Senna"
"t_bd4c6fe1b3b0","2daParte:Acto4/CimaDeMontaña/2doDialogoCima (+3)","Nombre de hablante","Silas","Silas"
"t_f36bbd93fbca","2daParte:Acto4/CimaDeMontaña/2doDialogoCima (+2)","Nombre de hablante","Nami","Nami"
"t_d780cdf429b4","2daParte:Acto4/CimaDeMontaña/2doDialogoCima (+4)","Nombre de hablante","Anorah","Anorah"
"t_1da60b172f76","2daParte:Acto4/CimaDeMontaña/2doDialogoCima","Dialogo","La profecía habla de un último sacrificio. Uno que abra definitivamente el camino.","The prophecy speaks of one last sacrifice. One that opens the way for good."
"t_bf8d671aa7d0","2daParte:Acto4/CimaDeMontaña/2doDialogoCima","Dialogo","Todos vosotros habéis bebido del Árbol. Habéis servido a la Familia. Y ahora vais a completar su voluntad.","All of you have drunk from the Tree. You have served the Family. And now you will complete its will."
"t_218068fa105b","2daParte:Acto4/CimaDeMontaña/2doDialogoCima","Dialogo","Alpha nos enseñó el camino.","Alpha showed us the way."
"t_991e3a93bb60","2daParte:Acto4/CimaDeMontaña/2doDialogoCima","Dialogo","La Familia es lo único real.","The Family is the only real thing."
"t_393d8212e615","2daParte:Acto4/CimaDeMontaña/2doDialogoCima","Dialogo","El néctar nos libera.","The Nectar sets us free."
"t_ae151aa6724f","2daParte:Acto4/CimaDeMontaña/2doDialogoCima","Dialogo","Por la Familia… hasta el final.","For the Family… to the very end."
"t_b23f37409255","2daParte:Acto4/CimaDeMontaña/2doDialogoCima","Dialogo","Alpha ve lo que nosotros no podemos ver.","Alpha sees what we cannot see."
"t_6b437cf668bb","2daParte:Acto4/CimaDeMontaña/2doDialogoCima","Dialogo","Hoy renacemos. ...","Today we are reborn. ..."
"t_564b8134767c","2daParte:Acto4/CimaDeMontaña/2doDialogoCima","Dialogo","Hoy renacemos.","Today we are reborn."
"t_564b8134767c_a26b","2daParte:Acto4/CimaDeMontaña/2doDialogoCima","Dialogo","Hoy renacemos.","Today we are reborn."
"t_564b8134767c_f679","2daParte:Acto4/CimaDeMontaña/2doDialogoCima","Dialogo","Hoy renacemos.","Today we are reborn."
"t_564b8134767c_c7a3","2daParte:Acto4/CimaDeMontaña/2doDialogoCima","Dialogo","Hoy renacemos.","Today we are reborn."
"t_564b8134767c_9629","2daParte:Acto4/CimaDeMontaña/2doDialogoCima","Dialogo","Hoy renacemos.","Today we are reborn."
"t_de6a32183957","2daParte:Acto4/CimaDeMontaña/2doDialogoCima","Dialogo","¡¿Se puede saber que os pasa?!","What is wrong with all of you?!"
"t_cba508b12182","2daParte:Acto4/CimaDeMontaña/3erDialogoCima (+7)","Nombre de hablante","Gamma","Gamma"
"t_c09eb5058032","2daParte:Acto4/CimaDeMontaña/3erDialogoCima","Dialogo","Mírala. El último obstáculo.","Look at her. The last obstacle."
"t_29734b13c92b","2daParte:Acto4/CimaDeMontaña/3erDialogoCima","Dialogo","Lilith… Dijiste que me ayudarías. Me dijiste que ibas a sacarme de ahí. Te creí. No… No hagas esto.","Lilith… You said you'd help me. You told me you were going to get me out of there. I believed you. No… Don't do this."
"t_2ec081b909ca","2daParte:Acto4/CimaDeMontaña/3erDialogoCima","Dialogo","La profecía es clara. La sangre del traidor debe alimentar el Árbol. Ella dudó de la Familia. Y la duda es una enfermedad. Tú sabes lo que hay que hacer.","The prophecy is clear. The traitor's blood must feed the Tree. She doubted the Family. And doubt is a disease. You know what has to be done."
"t_58f7f0f95474","2daParte:Acto4/CimaDeMontaña/3erDialogoCima","Dialogo","¡NO!  ¡Lilith, mírame! ¡Mírame a la cara! Soy yo. Soy yo… ¡ME MENTISTE!","NO!  Lilith, look at me! Look me in the face! It's me. It's me… YOU LIED TO ME!"
"t_7e1b28375c46","2daParte:Acto4/CimaDeMontaña/3erDialogoCima","Dialogo","No escuches su miedo. El miedo es lo último que abandona a los débiles. Hazlo. Cumple la profecía.","Don't listen to her fear. Fear is the last thing to leave the weak. Do it. Fulfill the prophecy."
"t_e27f5b9372d2","2daParte:Acto4/CimaDeMontaña/3erDialogoCima","Dialogo","Lilith… por favor… No quiero morir aquí. No así… No por él.","Lilith… please… I don't want to die here. Not like this… Not for him."
"t_67ca8dc7ee90","2daParte:Acto4/CimaDeMontaña/3erDialogoCima","Dialogo","Hazlo. Es tu destino.","Do it. It's your destiny."
"t_99b4576dd760","2daParte:Acto4/CimaDeMontaña/3erDialogoCima","Dialogo","Lo siento Gamma.","I'm sorry, Gamma."
"t_564b8134767c_0f57","2daParte:Acto4/CimaDeMontaña/3erDialogoCima","Dialogo","Hoy renacemos.","Today we are reborn."
"t_5f326f0c9bdc","2daParte:Acto4/CimaDeMontaña/3erDialogoCima","Dialogo","...mentirosa...","...liar..."
"t_ea48cd667e5a","2daParte:Acto4/CimaDeMontaña/DialogoDpsDeSpeech","Dialogo","La profecía se ha cumplido.","The prophecy has been fulfilled."
"t_69884fe309cd","2daParte:Acto4/CimaDeMontaña/DialogoDpsDeSpeech","Dialogo","Casi hemos terminado.","We're almost done."
"t_fb2f4a6db536","2daParte:Acto4/CimaDeMontaña/DialogoDpsDeSpeech","Dialogo","La profecía es precisa. Pero aún queda un paso más. ""Cuando la sangre de todos haya sido ofrecida, la Elegida deberá caer.","The prophecy is precise. But one step still remains. ""When the blood of all has been offered, the Chosen One must fall."
"t_794162e34f69","2daParte:Acto4/CimaDeMontaña/DialogoDpsDeSpeech","Dialogo","""Solo entonces el Pastor se levantará, y guiará al mundo con el poder de Beta."" La Elegida debe morir.","""Only then shall the Shepherd rise, and guide the world with the power of Beta."" The Chosen One must die."
"t_52ccf09aa0ca","2daParte:Acto4/CimaDeMontaña/DialogoDpsDeSpeech","Dialogo","No debes verlo como un final. Debes verlo como un honor. Tu muerte completará la profecía. Y yo me alzaré como el Pastor.","You must not see it as an end. You must see it as an honor. Your death will complete the prophecy. And I will rise as the Shepherd."
"t_ab42d9c9b2d4","2daParte:Acto4/CimaDeMontaña/DialogoDpsDeSpeech","Dialogo","¿QUÉ? ¡NO! ¡HIJO DE PUTA! ¡ME HAS UTILIZADO! ¡NOS HAS UTILIZADO A TODOS!","WHAT? NO! YOU SON OF A BITCH! YOU USED ME! YOU USED ALL OF US!"
"t_37db141eeda8","2daParte:Acto4/CimaDeMontaña/DialogoDpsDeSpeech","Dialogo","¡TODO ESTO! ¡TODAS ESTAS MUERTES! ¡ME HICISTE MATARLA! ¡ERES UN MENTIROSO!","ALL OF THIS! ALL THESE DEATHS! YOU MADE ME KILL HER! YOU'RE A LIAR!"
"t_d6088521619b","2daParte:Acto4/CimaDeMontaña/DialogoDpsDeSpeech","Dialogo","¡TU PUTA PROFECÍA ES UNA MIERDA! ¡TE VOY A MATAR CABRÓN!","YOUR FUCKING PROPHECY IS BULLSHIT! I'M GOING TO KILL YOU, YOU BASTARD!"
"t_4b2a9e0a41c8","2daParte:Acto4/CimaDeMontaña/LlegadaALaCima","Dialogo","¡¿Se puede saber qué está pasando aquí?! ¡¿Arven, Jorah… los habéis matado??!","What exactly is going on here?! Arven, Jorah… you killed them??!"
"t_3e536e1081fa","2daParte:Acto4/CimaDeMontaña/LlegadaALaCima","Dialogo","Calma Lilith, acuérdate del plan de Beta.","Easy, Lilith, remember Beta's plan."
"t_f002c0bfe7fe","2daParte:Acto4/CimaDeMontaña/LlegadaALaCima","Dialogo","Has recorrido un largo camino, todo esto no es en vano. La Familia también.","You've come a long way, none of this is in vain. The Family has too."
"t_5f3a1954fa59","2daParte:Acto4/CimaDeMontaña/LlegadaALaCima","Dialogo","Todos los sacrificios nos han traído hasta este momento.","Every sacrifice has brought us to this moment."
"t_c69569a46542","2daParte:Acto4/CimaDeMontaña/LlegadaALaCima","Dialogo","¿Sientes el Árbol? Está despierto. Nos estaba esperando.","Do you feel the Tree? It's awake. It has been waiting for us."
"t_39950fa1db29","2daParte:Acto4/CimaDeMontaña/LlegadaALaCima","Dialogo","Estoy lista.","I'm ready."
"t_d50e546d2e11","2daParte:Acto4/CimaDeMontaña/LlegadaALaCima","Dialogo","Siempre fuiste especial. No como los otros. Ellos eran necesarios. Pero tú… Tú eres imprescindible. Este es el principio del final.","You were always special. Not like the others. They were necessary. But you… You are indispensable. This is the beginning of the end."
"t_2f0a26630891","2daParte:Acto4/CimaDeMontaña/LlegadaALaCima","Dialogo","La profecía habla de un alzamiento. La Familia debe morir para que podamos alzarnos.","The prophecy speaks of a rising. The Family must die so that we can rise."
"t_43b77fddd177","2daParte:Acto4/CimaDeMontaña/SpeechFinalAlpha","Dialogo","Míralo, Lilith. Todo ha ocurrido exactamente como estaba escrito. Exactamente como yo lo entendí.","Look at it, Lilith. Everything has happened exactly as it was written. Exactly as I understood it."
"t_5efa461d60ae","2daParte:Acto4/CimaDeMontaña/SpeechFinalAlpha","Dialogo","Todos estos sacrificios que han ocurrido desde tu llegada están ligados al crecimiento del Árbol, y eso ha hecho que sus raíces lleguen hasta aquí.","Every sacrifice since your arrival is bound to the growth of the Tree, and that has made its roots reach all the way up here."
"t_db94a33b46ec","2daParte:Acto4/CimaDeMontaña/SpeechFinalAlpha","Dialogo","El poder del Árbol se expande y ha causado que crezca otro como él. Muchos han leído profecías. Muchos han creído entenderlas.","The Tree's power is spreading, and it has made another one grow just like it. Many have read prophecies. Many have believed they understood them."
"t_59d01f67d1a8","2daParte:Acto4/CimaDeMontaña/SpeechFinalAlpha","Dialogo","Pero solo un hombre ha sido capaz de hacerlas realidad. Yo. La profecía comienza con una frase sencilla.","But only one man has been able to make them real. Me. The prophecy begins with a simple line."
"t_f14d853b1bff","2daParte:Acto4/CimaDeMontaña/SpeechFinalAlpha","Dialogo","""Cuando la Elegida llegue, el ciclo comenzará.""","""When the Chosen One arrives, the cycle will begin."""
"t_42d319bd324e","2daParte:Acto4/CimaDeMontaña/SpeechFinalAlpha","Dialogo","""El primero caerá cuando la tierra reclame lo que es suyo.""","""The first will fall when the earth reclaims what is hers."""
"t_cc1f7aa4a3d9","2daParte:Acto4/CimaDeMontaña/SpeechFinalAlpha","Dialogo","""Dos más serán devorados por las bestias de la noche.""","""Two more will be devoured by the beasts of the night."""
"t_186898afd074","2daParte:Acto4/CimaDeMontaña/SpeechFinalAlpha","Dialogo","""El tercero caerá por la mano de la Elegida… cuando el miedo guíe su defensa.""","""The third will fall by the hand of the Chosen One… when fear guides her defense."""
"t_c01612820507","2daParte:Acto4/CimaDeMontaña/SpeechFinalAlpha","Dialogo","""Uno será atravesado por el hierro del falso salvador.""","""One will be run through by the iron of the false savior."""
"t_643e8dc309e4","2daParte:Acto4/CimaDeMontaña/SpeechFinalAlpha","Dialogo","""Uno morirá por la mano del líder… para recordar quién guía el camino.""","""One will die by the hand of the leader… to remember who guides the way."""
"t_71b8c1074f1b","2daParte:Acto4/CimaDeMontaña/SpeechFinalAlpha","Dialogo","""Dos caerán marcadas por la traición.""","""Two will fall marked by betrayal."""
"t_534716d4b23c","2daParte:Acto4/CimaDeMontaña/SpeechFinalAlpha","Dialogo","""Uno sucumbirá a la muerte cuando el mundo le sea arrebatado.""","""One will succumb to death when the world is torn from him."""
"t_d606017c9a6c","2daParte:Acto4/CimaDeMontaña/SpeechFinalAlpha","Dialogo","""Uno entregará su vida por la causa… creyendo que el sacrificio lo hará eterno.""","""One will give his life for the cause… believing the sacrifice will make him eternal."""
"t_8d7bc422a4b6","2daParte:Acto4/CimaDeMontaña/SpeechFinalAlpha","Dialogo","""Ocho caerán juntos cuando el círculo se cierre.""","""Eight will fall together when the circle closes."""
"t_73da12285cb4","2daParte:Acto4/CimaDeMontaña/SpeechFinalAlpha","Dialogo","""La Elegida ofrecerá un sacrificio final.""","""The Chosen One will offer a final sacrifice."""
"t_ca2516fa2fa8","2daParte:Acto4/CimaDeMontaña/SpeechFinalAlpha","Dialogo","""Cuando la sangre haya sido entregada, el Heraldo se alzará.""","""When the blood has been given, the Herald will rise."""
"t_6386100bcd75","2daParte:Acto4/CimaDeMontaña/SpeechFinalAlpha","Dialogo","""Y el Heraldo caminará entre los hombres con el poder de Beta.""","""And the Herald will walk among men with the power of Beta."""
"t_741dc1d85eef","2daParte:Acto4/CimaDeMontaña/SpeechFinalAlpha","Dialogo","Beta. El principio. El final. El único ser que ha tocado el verdadero poder.","Beta. The beginning. The end. The only being who has touched true power."
"t_fe7a06708d1a","2daParte:Acto4/CimaDeMontaña/SpeechFinalAlpha","Dialogo","El único ser que ha estado siempre presente. Y ahora yo me alzaré hasta él.","The only being who has always been present. And now I will rise to him."
"t_7646e057d0f0","2daParte:Acto4/Comedor (1)/Nota22","Nota de lore","NOTIFICACIÓN DE LOGÍSTICA  
Para: Jorah  

De: Delta 

Por orden directa de Alpha, se autoriza la liberación de los barriles de reserva del sótano para la cena de esta noche. Añade una ración doble de Néctar purificado en todas las jarras de la mesa comunal. 

Si los hermanos preguntan el motivo de este extra, infórmales de que celebramos el 'Próximo Paso de la Nueva Semilla' y la purificación espiritual de los que ya no están en las cabañas. La Comuna debe mantenerse en un estado de quietud absoluta y celebración festiva durante las próximas horas. Asegúrate de que todos beban.","LOGISTICS NOTICE  
To: Jorah  

From: Delta 

By direct order of Alpha, the release of the reserve barrels from the cellar is authorized for tonight's dinner. Add a double ration of purified Nectar to every pitcher on the communal table. 

If the brothers ask the reason for this extra, inform them that we are celebrating the 'Next Step of the New Seed' and the spiritual purification of those who are no longer in the cabins. The Commune must be kept in a state of absolute stillness and festive celebration over the coming hours. Make sure everyone drinks."
"t_f7a781642b9e","2daParte:Acto4/Comedor (1)/OrrenLilithComedor","Dialogo","Oye Lilith... y todas esas heridas, ¿estas bien?","Hey Lilith... and all those cuts, are you okay?"
"t_c7dc3261b7f3","2daParte:Acto4/Comedor (1)/OrrenLilithComedor","Dialogo","Orren, solo me he caido vale?, voy de camino a la enfermería.","Orren, I just fell, okay? I'm on my way to the infirmary."
"t_eb31e0b9eca0","2daParte:Acto4/Comedor (1)/OrrenLilithComedor","Dialogo","Quieres que te acompañe?","Want me to come with you?"
"t_fe961c91cdd2","2daParte:Acto4/Comedor (1)/OrrenLilithComedor","Dialogo","No de verdad que estoy bien. Gracias de todas formas.","No, really, I'm fine. Thanks anyway."
"t_923b38ff1daf","2daParte:Acto4/Comedor (1)/Parte2Comedor/MisionIrALaPlaza","Objetivo de mision","INTERACTÚA CON NPCS EN LA PLAZA","TALK TO THE PEOPLE IN THE SQUARE"
"t_9ef6c24b695d","2daParte:Acto4/Comedor (1)/Parte2Comedor/OrrenLilithComedorParte2","Dialogo","¡Eh! ¡Lilith! ¡Ven aquí! ¡Por Delta! ¡Por la familia! Y por Alpha, que se ha lucido. Mañana volverán las tareas, pero hoy… hoy es nuestro.","Hey! Lilith! Get over here! To Delta! To the Family! And to Alpha, who outdid himself. Tomorrow the chores are back, but today… today is ours."
"t_2bdd929eb994","2daParte:Acto4/Comedor (1)/Parte2Comedor/OrrenLilithComedorParte2","Dialogo","¡Siii!","Yeaah!"
"t_a4f39167b477","2daParte:Acto4/Comedor (1)/Parte2Comedor/SairaLilithComedor","Dialogo","¿Te acuerdas cuando decíamos que aquí nunca pasaba nada bueno? Pues míranos ahora. Música, comida… todos juntos.","Remember when we used to say nothing good ever happened here? Well, look at us now. Music, food… all of us together."
"t_97e8be5e00be","2daParte:Acto4/Comedor (1)/Parte2Comedor/SairaLilithComedor","Dialogo","A veces solo hay que confiar un poco más.","Sometimes you just have to trust a little more."
"t_bfc22533e016","2daParte:Acto4/Comedor (1)/Parte2Comedor/SennaMaryComedorDialogo","Dialogo","¡Lilith! ¡Mira todo esto! ¿No es increíble? Alpha realmente pensó en nosotros. Por cierto, ¿has felicitado a Delta?, cuidado no se te vaya a olvidar jejeje.","Lilith! Look at all this! Isn't it incredible? Alpha really did think of us. By the way, have you congratulated Delta? Careful you don't forget, hehehe."
"t_02d7d6dfd776","2daParte:Acto4/Comedor (1)/Parte2Comedor/SennaMaryComedorDialogo","Dialogo","Senna, ¡que alegría verte!. Gracias por guardame una copa.","Senna, so good to see you!. Thanks for saving me a drink."
"t_f46c27405c9e","2daParte:Acto4/Enfermeria/AlphaLilithDespuesDeMuerteCael","Dialogo","¡Maldita sea! ¡Mi traje…!","Damn it! My suit…!"
"t_b5fa5398b860","2daParte:Acto4/Enfermeria/AlphaLilithDespuesDeMuerteCael","Dialogo","…Alpha… ¿qué… qué acaba de pasar?","…Alpha… what… what just happened?"
"t_8d030f099b7b","2daParte:Acto4/Enfermeria/AlphaLilithDespuesDeMuerteCael","Dialogo","Cael… estaba fuera de control. Te estaba poniendo en riesgo, a ti y a todos los demás.","Cael… was out of control. He was putting you at risk, you and everyone else."
"t_ea3324c4de0b","2daParte:Acto4/Enfermeria/AlphaLilithDespuesDeMuerteCael","Dialogo","A veces, para proteger lo que importa, hay que mancharse las manos. Literalmente.","Sometimes, to protect what matters, you have to get your hands dirty. Literally."
"t_782e7d79d73c","2daParte:Acto4/Enfermeria/AlphaLilithDespuesDeMuerteCael","Dialogo","Solo han sido daños colaterales, Lilith. Nada más.","It was only collateral damage, Lilith. Nothing more."
"t_e0490effed87","2daParte:Acto4/Enfermeria/AlphaLilithDespuesDeMuerteCael","Dialogo","Pero… estaba… él estaba…","But… he was… he was…"
"t_c139df9baf72","2daParte:Acto4/Enfermeria/AlphaLilithDespuesDeMuerteCael","Dialogo","Sí. Lo sé. Lo siento. Pero mírame a mí. Mientras yo esté contigo, nadie… nadie podrá hacerte daño.","Yes. I know. I'm sorry. But look at me. As long as I am with you, no one… no one can hurt you."
"t_3ff6500e49ad","2daParte:Acto4/Enfermeria/AlphaLilithDespuesDeMuerteCael","Dialogo","Mientras sigas bebiendo el néctar… Nada de esto ha sido en vano.","As long as you keep drinking the Nectar… none of this was in vain."
"t_60119a19e5bd","2daParte:Acto4/Enfermeria/AlphaLilithDespuesDeMuerteCael","Dialogo","…No sé si puedo…","…I don't know if I can…"
"t_d6a31850b658","2daParte:Acto4/Enfermeria/AlphaLilithDespuesDeMuerteCael","Dialogo","Confía en mí. Todo va a estar bien. Lo prometo. Mira ve a buscar a Cairen y sus hermanas.","Trust me. Everything is going to be fine. I promise. Look, go and find Cairen and his sisters."
"t_d5bb9362bce3","2daParte:Acto4/Enfermeria/AlphaLilithDespuesDeMuerteCael","Dialogo","Creo que iban a tener una sesión de calma interior. Seguramente estén en el centro del jardín. Ve, seguro que ayuda","I think they were having an inner calm session. They're probably at the center of the garden. Go, it will help"
"t_c188d5eafe57","2daParte:Acto4/Enfermeria/AlphaLilithDespuesDeMuerteCael","Dialogo","*El árbol crece con las almas de los tres fallecidos*","*The Tree grows with the souls of the three departed*"
"t_77cc45020018","2daParte:Acto4/Enfermeria/CaelEnfadadoDialogo","Dialogo","…¿Qué has hecho?","…What have you done?"
"t_d8c6904c4be2","2daParte:Acto4/Enfermeria/CaelEnfadadoDialogo","Dialogo","Yo... yo solo.","I... I just."
"t_54d6b6e18aae","2daParte:Acto4/Enfermeria/CaelEnfadadoDialogo","Dialogo","¡CÁLLATE! ¿Sabes cuánto tiempo llevaba funcionando? ¿Sabes lo que era? Era progreso.","SHUT UP! Do you know how long it had been running? Do you know what it was? It was progress."
"t_05b8468a0c36","2daParte:Acto4/Enfermeria/CaelEnfadadoDialogo","Dialogo","Se descontroló. Yo no sabía…","It got out of control. I didn't know…"
"t_950183254628","2daParte:Acto4/Enfermeria/CaelEnfadadoDialogo","Dialogo","¡MENTIRA! Siempre tocáis lo que no entendéis. Daín confiaba en mí.","LIAR! You people always touch what you don't understand. Daín trusted me."
"t_59d73436ab89","2daParte:Acto4/Enfermeria/CaelEnfadadoDialogo","Dialogo","Y tú lo has roto. Algunas heridas… Solo se curan cortando más profundo.","And you've broken it. Some wounds… only heal by cutting deeper."
"t_d3c79f6fe02b","2daParte:Acto4/Enfermeria/CaelEnfadadoDialogo2","Dialogo","LILITH!!!!!","LILITH!!!!!"
"t_f8a0f7c6e276","2daParte:Acto4/Enfermeria/CaelEnfadadoDialogo2","Dialogo","AYUDAAAAAA!","HEEEELP!"
"t_3bfa2096ff1a","2daParte:Acto4/Enfermeria/CaelLilithDespuesDeTransicion","Dialogo","Nada grave. Arañazos y hematomas leves. Te recuperarás rápido.... Daín necesita supervisión, ayúdame Lilith.","Nothing serious. Scratches and light bruising. You'll recover quickly.... Daín needs monitoring, help me out, Lilith."
"t_3266d2179103","2daParte:Acto4/Enfermeria/CaelLilithDespuesDeTransicion","Dialogo","¿Yo?","Me?"
"t_c8dee4f2bfa1","2daParte:Acto4/Enfermeria/CaelLilithDespuesDeTransicion","Dialogo","Es sencillo. Asegúrate de que la máquina que tiene al lado no deje de funcionar.","It's simple. Make sure the machine next to him doesn't stop running."
"t_c0ce4474ef38","2daParte:Acto4/Enfermeria/CaelLilithDespuesDeTransicion","Dialogo","Si el sonido cambia, avísame. Tengo asuntos urgentes que atender.","If the sound changes, let me know. I have urgent matters to attend to."
"t_6c89a8d2e205","2daParte:Acto4/Enfermeria/CaelLilithDialogo","Dialogo","Pero Lilith, siéntate… no. ¡Túmbate en la camilla!.","Lilith, sit down… no. Lie down on the cot!."
"t_e55aa727294c","2daParte:Acto4/Enfermeria/CaelLilithDialogo","Dialogo","No es grave. Me he tropezado.","It's nothing serious. I tripped."
"t_b88133c89f56","2daParte:Acto4/Enfermeria/CaelLilithDialogo","Dialogo","Siempre decís eso, todos...","You all always say that..."
"t_a17dad88fc8a","2daParte:Acto4/Enfermeria/DainLilithDialogo","Dialogo","A ti no te he visto antes. ¿Eres nueva?","I haven't seen you before. Are you new?"
"t_1db6be30b321","2daParte:Acto4/Enfermeria/DainLilithDialogo","Dialogo","…sí.","…yes."
"t_b75cecb9fa62","2daParte:Acto4/Enfermeria/DainLilithDialogo","Dialogo","Soy Daín. El doctor dice que soy su mejor paciente.","I'm Daín. The doctor says I'm his best patient."
"t_320f7652b21d","2daParte:Acto4/Enfermeria/DainLilithDialogo","Dialogo","¿Te… duele mucho?","Does it… hurt a lot?"
"t_4206547c5a86","2daParte:Acto4/Enfermeria/DainLilithDialogo","Dialogo","Antes sí. Ahora solo cuando va bien. (Sonríe)","It used to. Now only when it's going well. (Smiles)"
"t_37c26f6102f2","2daParte:Acto4/Enfermeria/DainLilithDialogo","Dialogo","Eso no suena… bien.","That doesn't sound… good."
"t_bb0ffe0bfe9d","2daParte:Acto4/Enfermeria/DainLilithDialogo","Dialogo","Es que no lo entiendes todavía. Cuando mejore, el Cael estará orgulloso.","You just don't understand yet. When I get better, Cael will be proud."
"t_7f5bef42a6f4","2daParte:Acto4/Enfermeria/DainLilithDialogo","Dialogo","Espero que… te cures.","I hope… you get well."
"t_641786bdd7fb","2daParte:Acto4/Enfermeria/DainLilithDialogo","Dialogo","Lo haré. Encantado Lilith.","I will. Nice to meet you, Lilith."
"t_a79d8a6754c1","2daParte:Acto4/Enfermeria/DainLilithDialogo (+1)","Nombre de hablante","Daín","Daín"
"t_09d22773ee19","2daParte:Acto4/Enfermeria/DainMuriendo","Dialogo","¡AH—! ¡Lilith! ¡LILITH, AYUDA! ¡Me está atravesando! ¡Me está— joder—!","AH—! Lilith! LILITH, HELP! It's going right through me! It's— fuck—!"
"t_5a63207beb53","2daParte:Acto4/Enfermeria/DainMuriendo","Dialogo","No… no… no… Yo no quería…","No… no… no… I didn't want this…"
"t_331b5b5aabf2","2daParte:Acto4/Enfermeria/DainMuriendo","Dialogo","¡APÁGALA! ¡APÁGALA, POR FAVOR! ¡Duele! ¡DUELE MUCHO!","TURN IT OFF! TURN IT OFF, PLEASE! It hurts! IT HURTS SO MUCH!"
"t_033bc7be9476","2daParte:Acto4/Enfermeria/DainMuriendo","Dialogo","No quiero morirme aquí… no así… ¡Cael dijo que esto me curaba! ¡DIJO QUE ME CURABA!","I don't want to die here… not like this… Cael said this would cure me! HE SAID IT WOULD CURE ME!"
"t_25239ebf2178","2daParte:Acto4/Enfermeria/DainMuriendo","Dialogo","No sé qué hacer… no sé qué tocar… Lo siento… lo siento… lo siento…","I don't know what to do… I don't know what to touch… I'm sorry… I'm sorry… I'm sorry…"
"t_67787aec54d1","2daParte:Acto4/Enfermeria/DainMuriendo","Dialogo","¡NO LO SIENTAS! ¡Ayúd— ayúdame, por favor, yo no—!","DON'T BE SORRY! He— help me, please, I don't—!"
"t_fa65c34473ec","2daParte:Acto4/Enfermeria/LilithDescansaCama","Dialogo","Lilith espera ahí, túmbate que ahora voy.","Lilith, wait there, lie down, I'll be right over."
"t_62fd7c007f31","2daParte:Acto4/Enfermeria/LilithDescansaCama","Dialogo","Vale.","Okay."
"t_149b001df42a","2daParte:Acto4/Enfermeria/MisionIrACentroJardin","Objetivo de mision","REÚNETE CON CAIREN Y SUS HERMANAS EN EL CENTRO DEL JARDÍN","MEET CAIREN AND HER SISTERS IN THE CENTRAL GARDEN"
"t_c6b6e74230f8","2daParte:Acto4/Enfermeria/MisionMaquinaDaín","Objetivo de mision","INVESTIGA LA MÁQUINA DE DAÍN","INVESTIGATE DAÍN'S MACHINE"
"t_17dc799b705f","2daParte:Acto4/Enfermeria/MisionTumbarseEnLaCamilla","Objetivo de mision","TÚMBATE EN LA CAMILLA LIBRE","LIE DOWN ON THE EMPTY COT"
"t_b2ac4087350d","2daParte:Acto4/Enfermeria/Nota19","Nota de lore","PROTOCOLO DE SUPRESIÓN BIOLÓGICA  
Desarrollado por: Dr. Cael 

Objetivo: Neutralización definitiva. 

Ingredientes de la Mezcla: 

- 70% Destilado Concentrado de Néctar de Núcleo. 

- 20% Extracto de Raíz de Hortensia Negra. 

- 10% Solución Estabilizadora Sintética. 

Propósito del Compuesto:  Provocar un colapso inducido y silencioso del sistema nervioso central sin alterar la pureza espiritual de la materia orgánica. El compuesto apagará su conciencia de forma indolora en apariencia, simulando una muerte natural.","BIOLOGICAL SUPPRESSION PROTOCOL  
Developed by: Dr. Cael 

Objective: Definitive neutralization. 

Ingredients of the Mixture: 

- 70% Concentrated Distillate of Core Nectar. 

- 20% Black Hydrangea Root Extract. 

- 10% Synthetic Stabilizing Solution. 

Purpose of the Compound:  To induce a silent collapse of the central nervous system without altering the spiritual purity of the organic matter. The compound will shut down the subject's consciousness in an apparently painless manner, simulating a natural death."
"t_cecd801a8faa","2daParte:Acto4/Enfermeria/Nota19Sprite","Nota de lore","Alpha, ya no puedo seguir fingiendo. No puedo ponerme la túnica por las mañanas y sonreír en el comedor mientras sé perfectamente lo que vuestros guardianes le hacen a los que intentan cruzar la valla por la noche. 

La llegada de la chica, de Lilith, ha sido el detonante. Cada vez que la miro arrastrar los pies por la plaza con esa mirada perdida, veo a mi difunta hija antes de morir. Ella también estaba rota, también buscaba un milagro, y sé exactamente lo que le espera aquí. 

Lilith se merece algo mejor que esta jaula de madera y mentiras poéticas. Se merece una vida de verdad, no convertirse en el abono de tu maldito culto. Me voy esta noche. No intentéis detenerme, me llevo los mapas del sector sur y...","Alpha, I cannot keep pretending. I cannot put on the robe in the morning and smile in the dining hall while I know perfectly well what your guardians do to the ones who try to cross the fence at night. 

The arrival of the girl, of Lilith, was what set this off. Every time I watch her drag her feet across the square with that lost look, I see my late daughter before she died. She was broken too, she was looking for a miracle too, and I know exactly what is waiting for her here. 

Lilith deserves better than this cage of wood and poetic lies. She deserves a real life, not to end up as fertilizer for your damn cult. I am leaving tonight. Do not try to stop me, I am taking the maps of the south sector and..."
"t_d27ee5c62a3e","2daParte:Acto4/Enfermeria/Nota20","Nota de lore","INFORME DE BAJA MÉDICA — SECTOR DE COMBATE 04 
Oficial Médico a cargo: Teniente Cael 

Paciente: Sargento Daín 

El paciente presenta heridas catastróficas tras la detonación de un artefacto explosivo improvisado en la trinchera. Pérdida traumática de la extremidad inferior izquierda por debajo de la rodilla y destrucción total del tímpano derecho por onda expansiva. 

Daín me salvó la vida hoy al cubrir la retirada del pelotón. Su cuerpo está destrozado, pero sus ojos siguen fijos en mí, pidiéndome que lo arregle. El ejército lo va a desechar. No lo voy a permitir. Le he prometido que, si salimos vivos de este infierno, construiré una forma de devolverle todo lo que ha perdido en este barro. Volverá a caminar, volverá a ser un soldado fuerte. Mi intelecto y su lealtad nos harán invencibles fuera de este maldito uniforme.","MEDICAL CASUALTY REPORT — COMBAT SECTOR 04 
Medical Officer in charge: Lieutenant Cael 

Patient: Sergeant Daín 

The patient presents catastrophic wounds following the detonation of an improvised explosive device in the trench. Traumatic loss of the left lower limb below the knee and total destruction of the right eardrum from the blast wave. 

Daín saved my life today by covering the platoon's withdrawal. His body is wrecked, but his eyes stay fixed on me, asking me to fix him. The army is going to discard him. I am not going to allow it. I have promised him that if we get out of this hell alive, I will build a way to give him back everything he has lost in this mud. He will walk again, he will be a strong soldier again. My intellect and his loyalty will make us invincible outside this damn uniform."
"t_cecd801a8faa_056b","2daParte:Acto4/Enfermeria/Nota20Sprite","Nota de lore","Alpha, ya no puedo seguir fingiendo. No puedo ponerme la túnica por las mañanas y sonreír en el comedor mientras sé perfectamente lo que vuestros guardianes le hacen a los que intentan cruzar la valla por la noche. 

La llegada de la chica, de Lilith, ha sido el detonante. Cada vez que la miro arrastrar los pies por la plaza con esa mirada perdida, veo a mi difunta hija antes de morir. Ella también estaba rota, también buscaba un milagro, y sé exactamente lo que le espera aquí. 

Lilith se merece algo mejor que esta jaula de madera y mentiras poéticas. Se merece una vida de verdad, no convertirse en el abono de tu maldito culto. Me voy esta noche. No intentéis detenerme, me llevo los mapas del sector sur y...","Alpha, I cannot keep pretending. I cannot put on the robe in the morning and smile in the dining hall while I know perfectly well what your guardians do to the ones who try to cross the fence at night. 

The arrival of the girl, of Lilith, was what set this off. Every time I watch her drag her feet across the square with that lost look, I see my late daughter before she died. She was broken too, she was looking for a miracle too, and I know exactly what is waiting for her here. 

Lilith deserves better than this cage of wood and poetic lies. She deserves a real life, not to end up as fertilizer for your damn cult. I am leaving tonight. Do not try to stop me, I am taking the maps of the south sector and..."
"t_01b79ceb8dfd","2daParte:Acto4/HabitacionLilith2 (1)/LIlithVSLin","Dialogo","¡PARA LIN!","STOP, LIN!"
"t_f952400ff900","2daParte:Acto4/HabitacionLilith2 (1)/LilithDespuesDeMuerteLin","Dialogo","No quería… solo… que parara… Amara… yo… no supe cuidarte… no te vayas… tengo frío…","I didn't mean to… just… to make it stop… Amara… I… I failed you… don't go… I'm cold…"
"t_85cd24bc21d5","2daParte:Acto4/HabitacionLilith2 (1)/LilithDespuesDeMuerteLin","Dialogo","…no. No, no, no… Para… para, por favor… Yo… yo estoy aquí… Lin… mírame… …no…","…no. No, no, no… Stop… stop, please… I… I'm right here… Lin… look at me… …no…"
"t_133350f50cf5","2daParte:Acto4/HabitacionLilith2 (1)/LilithDespuesDeMuerteLin","Dialogo","No tenía que acabar así… no quería… Tengo que encontrar a Alpha, tengo que… Encontrar… a Alpha","It wasn't supposed to end like this… I didn't want this… I have to find Alpha, I have to… Find… Alpha"
"t_d1b691b0f84a","2daParte:Acto4/HabitacionLilith2 (1)/LinCasaLilith","Dialogo","¿…Lin? No sabía que estabas aquí.","…Lin? I didn't know you were here."
"t_1ab31a01f9a3","2daParte:Acto4/HabitacionLilith2 (1)/LinCasaLilith","Dialogo","No podía… estar solo.","I couldn't… be alone."
"t_23b35873a69b","2daParte:Acto4/HabitacionLilith2 (1)/LinCasaLilith","Dialogo","¿Quieres hablar?","Do you want to talk?"
"t_699da65032a6","2daParte:Acto4/HabitacionLilith2 (1)/LinCasaLilith","Dialogo","Si me siento… no me levanto.","If I sit down… I won't get up."
"t_f29c42d1e02d","2daParte:Acto4/HabitacionLilith2 (1)/LinCasaLilith","Dialogo","Lo siento Lin, no quería que Am...","I'm sorry, Lin, I didn't want Am..."
"t_0fa717a1c2c9","2daParte:Acto4/HabitacionLilith2 (1)/LinCasaLilith","Dialogo","No digas su nombre así.","Don't say her name like that."
"t_acb1ec527441","2daParte:Acto4/HabitacionLilith2 (1)/LinCasaLilith","Dialogo","¿El de Amara?","Amara's name?"
"t_7102037d0495","2daParte:Acto4/HabitacionLilith2 (1)/LinCasaLilith","Dialogo","Ella confiaba en ti.","She trusted you."
"t_2e229dd9ac2f","2daParte:Acto4/HabitacionLilith2 (1)/LinCasaLilith","Dialogo","Yo también confiaba en ella.","I trusted her too."
"t_aab5cf560d24","2daParte:Acto4/HabitacionLilith2 (1)/LinCasaLilith","Dialogo","No es lo mismo. Cuando dijo que iba a salir… yo dudé. Sentí algo raro.","It's not the same. When she said she was going out… I hesitated. It felt wrong."
"t_06808fb69cd9","2daParte:Acto4/HabitacionLilith2 (1)/LinCasaLilith","Dialogo","Pero Alpha dijo que era bueno. Y tú dijiste que era bueno.","But Alpha said it was good. And you said it was good."
"t_51d0d06ab698","2daParte:Acto4/HabitacionLilith2 (1)/LinCasaLilith","Dialogo","Nadie se esperaba que pasaría eso.","Nobody expected that to happen."
"t_f454c9d467fb","2daParte:Acto4/HabitacionLilith2 (1)/LinCasaLilith","Dialogo","Siempre decís eso. Siempre pasa algo y luego nadie sabe nada.","You always say that. Something happens and then nobody knows anything."
"t_dc56eea96074","2daParte:Acto4/HabitacionLilith2 (1)/LinCasaLilith","Dialogo","Lin… por favor baja la voz.","Lin… please keep your voice down."
"t_9c66fa1fbfff","2daParte:Acto4/HabitacionLilith2 (1)/LinCasaLilith","Dialogo","No puedo. ¿Sabes qué hice cuando no volvisteis? Me senté. Esperé.","I can't. You know what I did when you didn't come back? I sat down. I waited."
"t_73b828b67e41","2daParte:Acto4/HabitacionLilith2 (1)/LinCasaLilith","Dialogo","Pensé que si no me movía… el tiempo volvería atrás. Pero solo volvió el silencio. Y ahora tú sigues aquí.","I thought that if I didn't move… time would go back. But only the silence came back. And now you're still here."
"t_77a93f469518","2daParte:Acto4/HabitacionLilith2 (1)/LinCasaLilith","Dialogo","Eso no signifi...","That doesn't mea..."
"t_d082e7fa7597","2daParte:Acto4/HabitacionLilith2 (1)/LinCasaLilith","Dialogo","¡SIGNIFICA QUE TU PUEDES SEGUIR!","IT MEANS YOU GET TO KEEP GOING!"
"t_25dcd258e4c1","2daParte:Acto4/HabitacionLilith2 (1)/LinCasaLilith","Dialogo","Lin, para","Lin, stop"
"t_79f5bd5a3d5b","2daParte:Acto4/HabitacionLilith2 (1)/LinCasaLilith","Dialogo","No me digas qué hacer. No me queda nada.","Don't tell me what to do. I have nothing left."
"t_fc75e2b1a977","2daParte:Acto4/HabitacionLilith2 (1)/LinCasaLilith","Dialogo","Lin… por favor.","Lin… please."
"t_e4910b73dc03","2daParte:Acto4/HabitacionLilith2 (1)/LinCasaLilith","Dialogo","No quiero hacerte daño. Pero no puedo respirar.","I don't want to hurt you. But I can't breathe."
"t_b1f3b3789c8d","2daParte:Acto4/HabitacionLilith2 (1)/LinCasaLilith","Dialogo","Déjame pasar.","Let me through."
"t_c39bb2b69a0e","2daParte:Acto4/HabitacionLilith2 (1)/LinCasaLilith","Dialogo","¡NO!","NO!"
"t_b0658595cbfa","2daParte:Acto4/HabitacionLilith2 (1)/MisionBuscarAAlpha","Objetivo de mision","VE A BUSCAR A ALPHA","GO FIND ALPHA"
"t_82c744cc5ffa","2daParte:Acto4/HabitacionLilith2 (1)/Nota18","Nota de lore","Ya no son mis pensamientos.  

Las raíces se mueven. El Árbol tiene hambre. El Árbol tiene frío.  

La savia es negra. La savia es sangre. La savia cura el invierno. La savia nos une a todos.","These are not my thoughts anymore.  

The roots are moving. The Tree is hungry. The Tree is cold.  

The sap is black. The sap is blood. The sap heals the winter. The sap binds us all together."
"t_151ccfa5436e_b5fe","2daParte:Acto4/Jardinería y pesca (1)/FinMisionPurificarPlantas","Objetivo de mision","VUELVE A TU CASA Y HABLA CON ALPHA","GO BACK HOME AND TALK TO ALPHA"
"t_6845ed6c01d7_5246","2daParte:Acto4/Jardinería y pesca (1)/JesalDialogoJYP","Dialogo","¡Lilith! Justo pensaba en ti. ¿Ves? Las semillas de Hespérides ya están brotando. Es un milagro cotidiano.","Lilith! I was just thinking about you. See? The Hesperides seeds are already sprouting. An everyday miracle."
"t_32a382fd8590_49ed","2daParte:Acto4/Jardinería y pesca (1)/JesalDialogoJYP","Dialogo","Mira a este pequeño. Es la alegría de Amara. Lo cuido yo mientras ella descansa.","Look at this little guy. He's Amara's joy. I look after him while she rests."
"t_18816feddd0a_07b2","2daParte:Acto4/Jardinería y pesca (1)/JesalDialogoJYP","Dialogo","Dice que el bebé patea de emoción cada vez que Nube salta cerca de su vientre","She says the baby kicks with excitement every time Nube hops near her belly"
"t_567b96ad4591_b89e","2daParte:Acto4/Jardinería y pesca (1)/JesalDialogoJYP","Dialogo","Es... un vínculo tan puro, ¿no crees? Como un presagio de la nueva vida que viene.","It's... such a pure bond, don't you think? Like an omen of the new life that's coming."
"t_79b068646c62_1d6d","2daParte:Acto4/Jardinería y pesca (1)/JesalDialogoJYP","Dialogo","¿Verdad que es precioso? A veces pienso que los animales son los únicos que no juzgan, que solo dan amor.","Isn't he beautiful? Sometimes I think animals are the only ones who don't judge, who only give love."
"t_9fc59be6022d_6b5c","2daParte:Acto4/Jardinería y pesca (1)/JesalDialogoJYP","Dialogo","Él ni siquiera se come las Hespérides, solo las malas hierbas.  Es un alma inocente.","He doesn't even eat the Hesperides, only the weeds. He's an innocent soul."
"t_a60336660bcf_dd02","2daParte:Acto4/Jardinería y pesca (1)/JesalDialogoJYP","Dialogo","Me alegra que estés aquí, Lilith. Al principio, Jase me dijo que desconfiara... pero yo siento que tú también buscas esa pureza, esa conexión verdadera con nosotros.","I'm glad you're here, Lilith. At first, Jase told me not to trust you... but I feel that you're looking for that purity too, that true connection with us."
"t_d256d933173e_b6fe","2daParte:Acto4/Jardinería y pesca (1)/JesalDialogoJYP","Dialogo","Este lugar nos está sanando a todos, a nuestra manera. Hasta a los más... dañados.","This place is healing all of us, each in our own way. Even the most... damaged."
"t_4e844bc6b335_2da6","2daParte:Acto4/Jardinería y pesca (1)/JesalDialogoJYP","Dialogo","Oye, he visto a Cairen buscándote. Parecía tener prisa.","Hey, I saw Cairen looking for you. He seemed to be in a hurry."
"t_9284c5cb29b0_baa0","2daParte:Acto4/Jardinería y pesca (1)/JesalDialogoJYP","Dialogo","Mi hermano... Seguro que es algo del cerco. Luego le veré. Primero debo ir a preparar el té de Elara.","My brother... It's probably something about the perimeter. I'll see him later. First I have to go make Elara's tea."
"t_dc3ec68fcfdc_6f92","2daParte:Acto4/Jardinería y pesca (1)/JesalDialogoJYP","Dialogo","Cuida de Nube por mí, ¿vale? Sé que estará seguro contigo.","Take care of Nube for me, okay? I know he'll be safe with you."
"t_b8310bbff0de_967f","2daParte:Acto4/Jardinería y pesca (1)/MisionPurificarPlantas","Objetivo de mision","USA EL VIAL DE ALPHA PARA PURIFICAR LAS PLANTAS","USE ALPHA'S VIAL TO PURIFY THE PLANTS"
"t_f015b459e1fd_5482","2daParte:Acto4/Jardinería y pesca (1)/PlantasPurificadas","Dialogo","Has purificado las plantas","You have purified the plants"
"t_04dcee838229","2daParte:Acto4/Manuscritos/ColliderPuzzleCandado","Mensaje de puzle","Combinación correcta","Correct combination"
"t_b0658595cbfa_edb0","2daParte:Acto4/Manuscritos/MisionBuscarAAlpha","Objetivo de mision","VE A BUSCAR A ALPHA","GO FIND ALPHA"
"t_d781798d0e2f","2daParte:Acto4/Manuscritos/Nota25","Nota de lore","El Árbol nos habló a los dos. Cuando [Nombre borrado con saña] y yo descubrimos las raíces milenarias en 2014 y desciframos la profecía de la Elegida, supimos la fortuna que teníamos entre manos. Diseñamos la comuna, inventamos los rituales y destilamos el primer Néctar purificado. Íbamos a ser reyes, a controlar cada mente que cruzara esa valla buscando refugio. 

Pero hoy el Néctar de mi copa sabía extraño... amargo. Al levantar la vista, Alpha me miraba en silencio desde el altar con esa maldita sonrisa perfecta. El muy bastardo lo quiere todo para él. No quiere un socio; quiere que se arrodillen ante un único Dios.","The Tree spoke to us both. When [Name savagely scratched out] and I discovered the ancient roots in 2014 and deciphered the prophecy of the Chosen One, we knew what a fortune we had in our hands. We designed the commune, invented the rituals and distilled the first purified Nectar. We were going to be kings, to control every mind that crossed that fence looking for shelter. 

But today the Nectar in my cup tasted strange... bitter. When I looked up, Alpha was watching me in silence from the altar with that damn perfect smile. The bastard wants it all for himself. He does not want a partner; he wants them on their knees before a single God."
"t_a60658772d8f_3a1d","2daParte:Acto4/NombreZonas (1)/Arbol","Nombre de zona","ÁRBOL","THE TREE"
"t_0b4762406bb1_d672","2daParte:Acto4/NombreZonas (1)/Biblioteca","Nombre de zona","BIBLIOTECA","LIBRARY"
"t_ec89de773a8a_c871","2daParte:Acto4/NombreZonas (1)/Casas","Nombre de zona","CASAS","HOUSES"
"t_487b68571a23_ec34","2daParte:Acto4/NombreZonas (1)/CentroDelJardin","Nombre de zona","CENTRO JARDÍN","CENTRAL GARDEN"
"t_0d0c877de347_81d8","2daParte:Acto4/NombreZonas (1)/Comedor","Nombre de zona","COMEDOR","DINING HALL"
"t_b85d914b597c_0a8f","2daParte:Acto4/NombreZonas (1)/Derrumbamiento","Nombre de zona","DERRUMBAMIENTO","COLLAPSE"
"t_867a3fa6892a_15f9","2daParte:Acto4/NombreZonas (1)/EntradaBosque","Nombre de zona","ENTRADA BOSQUE","FOREST ENTRANCE"
"t_31ded3a72376_bfed","2daParte:Acto4/NombreZonas (1)/EntradaGranero","Nombre de zona","ENTRADA GRANERO","BARN ENTRANCE"
"t_4de66429788e_b782","2daParte:Acto4/NombreZonas (1)/EntradaInvernadero","Nombre de zona","ENTRADA INVERNADERO","GREENHOUSE ENTRANCE"
"t_f050bb675869_d896","2daParte:Acto4/NombreZonas (1)/EntradaJArdin","Nombre de zona","ENTRADA JARDÍN","GARDEN ENTRANCE"
"t_d672dbd7e924_dee1","2daParte:Acto4/NombreZonas (1)/Estatuas","Nombre de zona","ESTATUAS","STATUES"
"t_c58bc21627df_e502","2daParte:Acto4/NombreZonas (1)/Fogata","Nombre de zona","FOGATA","CAMPFIRE"
"t_339188ac33af_a5db","2daParte:Acto4/NombreZonas (1)/Granero","Nombre de zona","GRANERO","BARN"
"t_e2d6334a86b7_ffb2","2daParte:Acto4/NombreZonas (1)/HabitacionLilith","Nombre de zona","HABITACIÓN","BEDROOM"
"t_7cfe7ca3a2ed_bd0e","2daParte:Acto4/NombreZonas (1)/Invernadero","Nombre de zona","INVERNADERO","GREENHOUSE"
"t_0e4befe8cedb_cc1d","2daParte:Acto4/NombreZonas (1)/JardineriaYPesca","Nombre de zona","JARDINERÍA Y PESCA","GARDENING AND FISHING"
"t_3be6ca69c723_665a","2daParte:Acto4/NombreZonas (1)/Plaza","Nombre de zona","PLAZA","SQUARE"
"t_17837d7da2c4_f9e0","2daParte:Acto4/NombreZonas (1)/Pozo","Nombre de zona","POZO","THE WELL"
"t_f084d9994898_49ab","2daParte:Acto4/PasilloFinal/CanvasTexto/PanelTextoPasillo/Aguanta","Etiqueta de interfaz","MÁTALO","KILL HIM"
"t_f084d9994898","2daParte:Acto4/PasilloFinal/CanvasTexto/PanelTextoPasillo/Familia","Etiqueta de interfaz","MÁTALO","KILL HIM"
"t_f084d9994898_73d7","2daParte:Acto4/PasilloFinal/CanvasTexto/PanelTextoPasillo/Mátalo","Etiqueta de interfaz","MÁTALO","KILL HIM"
"t_f084d9994898_d84c","2daParte:Acto4/PasilloFinal/CanvasTexto/PanelTextoPasillo/Recomponte","Etiqueta de interfaz","MÁTALO","KILL HIM"
"t_f084d9994898_17b9","2daParte:Acto4/PasilloFinal/CanvasTexto/PanelTextoPasillo/Recuerda","Etiqueta de interfaz","MÁTALO","KILL HIM"
"t_f084d9994898_cddf","2daParte:Acto4/PasilloFinal/CanvasTexto/PanelTextoPasillo/Renace","Etiqueta de interfaz","MÁTALO","KILL HIM"
"t_876e8394de2a","2daParte:Acto4/PasilloFinal/DialogoLilithEnorme","Dialogo","Lilith, por favor...","Lilith, please..."
"t_20fa497dbe1a","2daParte:Acto4/PasilloFinal/DialogoLilithEnorme","Dialogo","¡CÁLLATE!","SHUT UP!"
"t_18b923cfc4a6","2daParte:Acto4/PasilloFinal/DialogoLilithEnorme","Dialogo","¡MENTIROSO!","LIAR!"
"t_5da9c82a5575","2daParte:Acto4/PasilloFinal/DialogoLilithEnorme","Dialogo","¡HIJO DE PUTA!","SON OF A BITCH!"
"t_97e4836ae28c","2daParte:Acto4/PasilloFinal/DialogoLilithEnorme","Dialogo","¡TODO ESTO!","ALL OF THIS!"
"t_5fe421ee64b5","2daParte:Acto4/PasilloFinal/DialogoLilithEnorme","Dialogo","¡TODO ESTO ES POR TU CULPA!","ALL OF THIS IS YOUR FAULT!"
"t_641721f506d9","2daParte:Acto4/PasilloFinal/DialogoLilithEnorme","Dialogo","¡MUÉRETE!","DIE!"
"t_9686914892bc","2daParte:Acto4/PasilloFinal/DialogoLilithEnorme","Dialogo","¡MUÉRETE DE UNA PUTA VEZ!","JUST FUCKING DIE ALREADY!"
"t_7e10f27a2bf0","2daParte:Acto4/PasilloFinal/LilithAAAAA","Dialogo","NO PUEDO MAAAAAS, PARA YAAAAAAA!!!!","I CAN'T TAKE ANY MOOOORE, STOP ITTTT!!!!"
"t_ce927717276d","2daParte:Acto4/Patio/GammaLilithPatio","Dialogo","Lilith tía, ¿estas bien?, ¿y toda esa sangre?","Lilith, girl, are you okay? And all that blood?"
"t_59d3ca250d90","2daParte:Acto4/Patio/GammaLilithPatio","Dialogo","Oye de verdad que estoy bien, solo me he caído. No te preocupes Gamma. voy a ver a Cael para que me ayude.","Hey, I'm really fine, I just fell. Don't worry, Gamma. I'm going to see Cael so he can help me."
"t_7d8ca5281b47","2daParte:Acto4/Patio/GammaLilithPatio","Dialogo","¡Vale!, ten mas cuidado la proxima vez.","Okay! Be more careful next time."
"t_7e153f0c24f4","2daParte:Acto4/Patio/GammaLilithPatio","Dialogo","(Sí, seguro)","(Yeah, sure)"
"t_78994a8efb50","2daParte:Acto4/Pedestal/DeltaArrastrado","Dialogo","Madre mía, no recordaba que pesaba tanto.","Good grief, I didn't remember he was this heavy."
"t_76748632db1e","2daParte:Acto4/Pedestal/DeltaArrastrado","Dialogo","HOLAAAA, ¿HAY ALGUIEN AHI?","HELLOOOO, IS ANYONE THERE?"
"t_264b5f5cdc4b","2daParte:Acto4/Pedestal/GammaPedestalPared","Dialogo","¡LILITH! Menos mal que eres tú.","LILITH! Thank God it's you."
"t_0e18f751b809","2daParte:Acto4/Pedestal/GammaPedestalPared","Dialogo","Gamma...","Gamma..."
"t_2a103bf681ac","2daParte:Acto4/Pedestal/GammaPedestalPared","Dialogo","Joder,  pensé que moriría aquí Me encerraron aquí. No sé desde cuándo… horas, quizá más.","Shit, I thought I'd die in here. They locked me in. I don't know how long… hours, maybe more."
"t_0d706b71c3a0","2daParte:Acto4/Pedestal/GammaPedestalPared","Dialogo","Ví a Alpha guardando unos cartuchos de dinamita, le dijo a Delta que los utilizase para algo de una profecía.","I saw Alpha stashing some sticks of dynamite, he told Delta to use them for something about a prophecy."
"t_d171f3c62b91","2daParte:Acto4/Pedestal/GammaPedestalPared","Dialogo","Creo que no debería haberlo visto, supongo que por eso estoy aquí. Siempre he confiado en que me encontrarías.","I don't think I was supposed to see that, I guess that's why I'm in here. I always trusted you'd find me."
"t_0920c5b723c9","2daParte:Acto4/Pedestal/GammaPedestalPared","Dialogo","Siempre has sido la única aquí con cabeza. Pero Lilith, ¿por qué está Delta muerto?","You've always been the only one here with a head on her shoulders. But Lilith, why is Delta dead?"
"t_29ef63de2d6d","2daParte:Acto4/Pedestal/GammaPedestalPared","Dialogo","Las cosas han cambiado.","Things have changed."
"t_9bba66f350d8","2daParte:Acto4/Pedestal/GammaPedestalPared","Dialogo","Ya me lo imaginaba. Escucha. Algo no va bien en este sitio. Alpha tiene un plan, le escuche diciendo que conseguirá reunirse con Beta.","I figured as much. Listen. Something is wrong in this place. Alpha has a plan, I heard him saying he'll manage to join with Beta."
"t_f1956943261e","2daParte:Acto4/Pedestal/GammaPedestalPared","Dialogo","Creo que está preparando algo. Y si Delta está muerto… significa que ya ha empezado. Necesito salir de aquí, ayúdame Lilith.","I think he's preparing something. And if Delta is dead… it means it's already started. I need to get out of here, help me Lilith."
"t_ebd06b262672","2daParte:Acto4/Pedestal/GammaPedestalPared","Dialogo","Tenemos que salir de aquí juntas. El hueco no es suficiente para pasar. Pero tú estás al otro lado. Si alguien puede ayudarme… eres tú.","We have to get out of here together. The gap isn't wide enough to squeeze through. But you're on the other side. If anyone can help me… it's you."
"t_726581cf111f","2daParte:Acto4/Pedestal/GammaPedestalPared","Dialogo","Desde aquí no puedo hacer nada Gamma. Déjame que investigue a ver si te puedo sacar de ahí.","There's nothing I can do from here, Gamma. Let me look around and see if I can get you out."
"t_7f831a38c457","2daParte:Acto4/Pedestal/GammaPedestalPared","Dialogo","Sabía que podía confiar en ti. Siempre lo supe. Solo… no tardes.","I knew I could trust you. I always knew. Just… don't take too long."
"t_bbf8be907971","2daParte:Acto4/Pedestal/GammaPedestalPared","Dialogo","Tengo que volver con Alpha. Adios Gamma","I have to get back to Alpha. Bye Gamma"
"t_8cbdf4919747","2daParte:Acto4/Pedestal/Nota24","Nota de lore","El caos es la enfermedad del mundo exterior; el orden es la única cura. Alpha entendió esto desde el primer día, y por ello mi lealtad hacia él y hacia el Gran Árbol es inquebrantable. No hay espacio para los nombres, los recuerdos o los apegos individuales en esta ecuación. 

Los hilos de los hermanos deben ser tensados o cortados según las necesidades de la estructura. Si el Néctar exige la entrega total del ser, se le entrega. Si el Guía exige la purificación de una rama marchita, se ejecuta. El Néctar no es un simple sedante; es el flujo vital que mantiene el engranaje girando. 

Sin Alpha, no hay orden. Sin el Árbol, no hay mañana. Mi utilidad termina cuando el orden esté asegurado. El Néctar lo es todo. El control es absoluto.","Chaos is the sickness of the outside world; order is the only cure. Alpha understood this from the first day, and that is why my loyalty to him and to the Great Tree is unbreakable. There is no room for names, memories or individual attachments in this equation. 

The threads of the brothers must be pulled tight or cut according to the needs of the structure. If the Nectar demands the total surrender of the self, it is surrendered. If the Guide demands the purification of a withered branch, it is carried out. The Nectar is not a simple sedative; it is the vital flow that keeps the machinery turning. 

Without Alpha, there is no order. Without the Tree, there is no tomorrow. My usefulness ends when order is secured. The Nectar is everything. Control is absolute."
"t_f08a96ce263b","2daParte:Acto4/Plaza (1)/Parte2Plaza/AnorahPlaza","Dialogo","Alpha dijo que celebráramos que seguimos creciendo. Y creo que tiene razón.","Alpha said we should celebrate that we're still growing. And I think he's right."
"t_791fc24c0e14","2daParte:Acto4/Plaza (1)/Parte2Plaza/AnorahPlaza","Dialogo","No te olvides de que también es el cumpleaños de Delta eh?, no me gustaría verle triste jejeje.","Don't forget it's also Delta's birthday, huh? I wouldn't want to see him sad hehehe."
"t_347fffcd6718","2daParte:Acto4/Plaza (1)/Parte2Plaza/AnorahPlaza2","Dialogo","Oye Lilith, Nami no puede ser la única haciendo el ridiculo. ¿Bailamos?","Hey Lilith, Nami can't be the only one making a fool of herself. Shall we dance?"
"t_ceb2e150717c","2daParte:Acto4/Plaza (1)/Parte2Plaza/AnorahPlaza2","Dialogo","Claro!","Sure!"
"t_5f20c7768b54","2daParte:Acto4/Plaza (1)/Parte2Plaza/NamiLilith","Dialogo","¿No te dan ganas de bailar aunque no sepas cómo? Es contagioso.","Doesn't it make you want to dance even if you don't know how? It's contagious."
"t_8710225d1732","2daParte:Acto4/Plaza (1)/Parte2Plaza/SilasLilithPlaza2","Dialogo","Supongo que incluso nosotros merecemos una noche sin peso en los hombros. Disfrútalo. No todos los días hay música.","I suppose even we deserve one night without weight on our shoulders. Enjoy it. There isn't music every day."
"t_80acffda1e71","2daParte:Acto4/Plaza (1)/Parte2Plaza/SilasLilithPlaza2","Dialogo","Tienes razón Silas, por fin un poco de tranquilidad.","You're right Silas, finally a little peace."
"t_fc7ec23710ef","2daParte:Acto4/Plaza (1)/Parte3/AnorahPrepararParaPuzleBailar","Dialogo","En esta maquina nadie ha superado nunca los 4000 puntos","Nobody has ever broken 4000 points on this machine"
"t_b30e28808364","2daParte:Acto4/Plaza (1)/Parte3/AnorahPrepararParaPuzleBailar","Dialogo","¿Estas lista?","Are you ready?"
"t_c855b879e890","2daParte:Acto4/Plaza (1)/Parte3/AnorahPrepararParaPuzleBailar","Dialogo","Siiii","Yeeees"
"t_23d0c211a291","2daParte:Acto4/Plaza (1)/Parte3/AnorahPrepararParaPuzleBailar","Dialogo","Pues que comience la fiesta!!!!.","Then let the party begin!!!!."
"t_3f3d68f541c7","2daParte:Acto4/Plaza (1)/Parte3/MisionIrABuscarACairen","Objetivo de mision","VE A BUSCAR A CAIREN AL ÁRBOL","GO FIND CAIREN AT THE TREE"
"t_729f1315442c","2daParte:Acto4/Plaza (1)/Parte3/NamiPreguntaPorCairen","Dialogo","¡Eh! ¡Eh! Si crees que esto es bailar, tienes que ver a Cairen. Es el rey de la pista.","Hey! Hey! If you think this is dancing, you have to see Cairen. He's the king of the dance floor."
"t_9076ba133167","2daParte:Acto4/Plaza (1)/Parte3/NamiPreguntaPorCairen","Dialogo","No sé dónde aprendió esos pasos, pero son lo mejor de la noche. ¡Ve a buscarlo!","No idea where he learned those moves, but they're the best of the night. Go find him!"
"t_ed84d4255e9f","2daParte:Acto4/Plaza (1)/Parte3/NamiPreguntaPorCairen","Dialogo","Pues ahora que lo dices, ¿donde se habrá metido Cairen?","Now that you mention it, where has Cairen gotten to?"
"t_34aa218d9868","2daParte:Acto4/Plaza (1)/Parte3/NamiPreguntaPorCairen","Dialogo","¡Hace un momento estaba aquí! Pero lo vi irse hacia arriba… hacia el norte. A ver si lo encuentras antes que yo.","He was right here a moment ago! But I saw him head up… to the north. See if you can find him before I do."
"t_9c1ba4f92ee4","2daParte:Acto4/Plaza (1)/Parte3/NamiPreguntaPorCairen","Dialogo","Tengo ganas de retarle a un baile. Y esta vez pienso ganarle. ¡Si lo ves, dile que no se esconda!","I want to challenge him to a dance-off. And this time I'm going to beat him. If you see him, tell him not to hide!"
"t_0675af82ca78","2daParte:Acto4/Plaza (1)/SilasLilithPlaza","Dialogo","Lilith, pero que te ha pasado!!","Lilith, what on earth happened to you!!"
"t_456d8b829371","2daParte:Acto4/Plaza (1)/SilasLilithPlaza","Dialogo","Hola Silas, nada tranquilo simplemente me he caido y me he hecho unas heridas.","Hi Silas, it's nothing, relax, I just fell and got a few scrapes."
"t_54cbab83fc6a","2daParte:Acto4/PuzleLaberintoFinal/CanvasTexto/PanelTexto/Aguanta","Etiqueta de interfaz","AGUANTA","HOLD ON"
"t_06e032a56d05","2daParte:Acto4/PuzleLaberintoFinal/CanvasTexto/PanelTexto/Familia","Etiqueta de interfaz","FAMILIA","FAMILY"
"t_4239e2e564d6","2daParte:Acto4/PuzleLaberintoFinal/CanvasTexto/PanelTexto/Lealtad","Etiqueta de interfaz","LEALTAD","LOYALTY"
"t_ae7b77ab6e12","2daParte:Acto4/PuzleLaberintoFinal/CanvasTexto/PanelTexto/Recomponte","Etiqueta de interfaz","RECOMPONTE","PULL YOURSELF TOGETHER"
"t_dab15dfdf838","2daParte:Acto4/PuzleLaberintoFinal/CanvasTexto/PanelTexto/Recuerda","Etiqueta de interfaz","RECUERDA","REMEMBER"
"t_cdb6a8196b5f","2daParte:Acto4/PuzleLaberintoFinal/CanvasTexto/PanelTexto/Renace","Etiqueta de interfaz","RENACE","BE REBORN"
"t_51aca8e82607","2daParte:Acto4/Recibidor/DialogoRecibidorAlpha","Dialogo","Ah… por fin. Pensé que dormirías hasta el invierno.","Ah… at last. I thought you'd sleep until winter."
"t_d1a8dca295dd","2daParte:Acto4/Recibidor/DialogoRecibidorAlpha","Dialogo","¿Donde estoy?","Where am I?"
"t_b89cc62dad70","2daParte:Acto4/Recibidor/DialogoRecibidorAlpha","Dialogo","En mi casa. Bueno… la casa de tu nueva familia, si todo sale como debe. Te desmayaste anoche.","In my house. Well… the house of your new family, if all goes as it should. You fainted last night."
"t_f94a54ee7abf","2daParte:Acto4/Recibidor/DialogoRecibidorAlpha","Dialogo","¿Que pasó?","What happened?"
"t_e8785c01b7a9","2daParte:Acto4/Recibidor/DialogoRecibidorAlpha","Dialogo","Desconozco la razón. Lo importante es que estás bien, te necesito. La hora de completar la profecía está llegando.","I do not know the reason. What matters is that you're well, I need you. The hour to complete the prophecy is drawing near."
"t_e79de92b5e30","2daParte:Acto4/Recibidor/DialogoRecibidorAlpha","Dialogo","¿La… profecía?","The… prophecy?"
"t_c50fbc222a32","2daParte:Acto4/Recibidor/DialogoRecibidorAlpha","Dialogo","El origen de todo esto. La razón por la que este lugar existe. Hay un pergamino en la mansión. En el ala este. Ahí está escrito todo. Quiero que vayas a buscarlo.","The origin of all this. The reason this place exists. There is a scroll in the mansion. In the east wing. It is all written there. I want you to go and find it."
"t_00e11a9cf5eb","2daParte:Acto4/Recibidor/DialogoRecibidorAlpha","Dialogo","Vale… iré.","Okay… I'll go."
"t_cca0a745d473","2daParte:Acto4/Recibidor/DialogoRecibidorAlpha","Dialogo","Sabía que podía contar contigo.","I knew I could count on you."
"t_f283226e5bcd","2daParte:Acto4/Recibidor/DialogoRecibidorAlpha","Dialogo","Mientras tú lo buscas, yo iré preparando el resto. Hoy… todo terminará. O todo empezará. El ala este está por la derecha.","While you look for it, I will prepare the rest. Today… everything ends. Or everything begins. The east wing is off to the right."
"t_4e799f5d0635","2daParte:Acto4/Recibidor/DialogoRecibidorAlpha","Dialogo","No tiene pérdida. Tráeme el pergamino cuando lo encuentres. Y Lilith… Todo esto es gracias a ti.","You can't miss it. Bring me the scroll when you find it. And Lilith… All of this is thanks to you."
"t_2b3b5f011f4f","2daParte:Acto4/Recibidor/MisionSalaManuscritos","Objetivo de mision","BUSCA EL PERGAMINO EN LA SALA DE MANUSCRITOS","FIND THE SCROLL IN THE MANUSCRIPT ROOM"
"t_910cd27d9fda","2daParte:Acto4/Sala de archivos/Nota21","Nota de lore","EVALUACIÓN DE ADAPTABILIDAD MECÁNICA 
Sujeto: Daín — Estado: Activo / Modificado.

- Historial Clínico: 

Sometido a cuatro amputaciones sucesivas en el muslo izquierdo debido a necrosis. Inserción de soporte torácico de hierro anclado directamente al esternón completada con éxito. 

- Tolerancia al Dolor: 

Extraordinaria. El sujeto muestra una supresión casi total de las señales de dolor físico cuando los procedimientos son ejecutados por el Dr. Cael. Existe una disociación cognitiva selectiva: procesa la carnicería quirúrgica como ""pruebas de diseño necesarias"" para su restauración definitiva.

- Sumisión Psicológica: 

Total y absoluta (Nivel 5). Su estructura mental militarizada necesita un comandante, y ha colocado a Cael en ese altar. Justifica cada experimento fallido y defiende las instalaciones médicas con un fervor agresivo frente al resto de la comuna. No requiere sedación química; basta con la validación verbal de su superior para asegurar su inmovilidad en la camilla.","MECHANICAL ADAPTABILITY ASSESSMENT 
Subject: Daín — Status: Active / Modified.

- Clinical History: 

Subjected to four successive amputations of the left thigh due to necrosis. Insertion of an iron thoracic support anchored directly to the sternum completed successfully. 

- Pain Tolerance: 

Extraordinary. The subject displays a near-total suppression of physical pain signals when the procedures are performed by Dr. Cael. A selective cognitive dissociation is present: he processes the surgical butchery as ""necessary design trials"" for his definitive restoration.

- Psychological Submission: 

Total and absolute (Level 5). His militarized mental structure requires a commander, and he has placed Cael on that altar. He justifies every failed experiment and defends the medical facilities with aggressive fervor against the rest of the commune. No chemical sedation required; verbal validation from his superior is enough to ensure he stays immobile on the table."
"t_126172048eb3","2daParte:Acto4/SalaDelTrono/DespuesMuerteDelta","Dialogo","Estás más preparada de lo que pensaba Has cambiado mucho desde que llegaste En cuanto a Delta… Siempre fue un hombre leal.","You're more prepared than I thought. You've changed a lot since you arrived. As for Delta… He was always a loyal man."
"t_e28ff9c0231a","2daParte:Acto4/SalaDelTrono/DespuesMuerteDelta","Dialogo","Eso es lo que hace fuerte a una familia. Personas capaces de darlo todo… sin dudar. Lo hiciste bien Lilith.","That's what makes a family strong. People capable of giving everything… without hesitating. You did well, Lilith."
"t_1d0e80f9d74c","2daParte:Acto4/SalaDelTrono/DespuesMuerteDelta","Dialogo","Ahora necesitamos ocuparnos de esto. Llévate el cuerpo. Hay una sala a la derecha del trono.","Now we need to take care of this. Take the body away. There's a room to the right of the throne."
"t_9459411183f0","2daParte:Acto4/SalaDelTrono/DespuesMuerteDelta","Dialogo","Déjalo allí. Después vuelve. Aún quedan partes de la profecía por cumplir. Y límpiate esa sangre.","Leave it there. Then come back. There are still parts of the prophecy to fulfill. And clean off that blood."
"t_86ce45177224","2daParte:Acto4/SalaDelTrono/DespuesMuerteDelta","Dialogo","De acuerdo, Alpha.","All right, Alpha."
"t_4812fc2aa83c","2daParte:Acto4/SalaDelTrono/DialogoMuerteDelta","Dialogo","Alpha... Sabía que me llamarías.","Alpha... I knew you'd call for me."
"t_6aaa3f1b3561","2daParte:Acto4/SalaDelTrono/DialogoMuerteDelta","Dialogo","Siempre apareces cuando te necesito.","You always show up when I need you."
"t_eac603315d8a","2daParte:Acto4/SalaDelTrono/DialogoMuerteDelta","Dialogo","Siempre he estado aquí. Así que mírala… ya ha llegado hasta aqui eh?","I have always been here. So look at her… she's made it this far, eh?"
"t_271257dbb10f","2daParte:Acto4/SalaDelTrono/DialogoMuerteDelta","Dialogo","Ha llegado más lejos que nadie.","She's come further than anyone."
"t_614579ad3a80","2daParte:Acto4/SalaDelTrono/DialogoMuerteDelta","Dialogo","Lo sabía. Desde el principio lo supe. El néctar nunca ha estado tan bueno como hoy.","I knew it. I knew it from the start. The Nectar has never tasted as good as it does today."
"t_48bbba216415","2daParte:Acto4/SalaDelTrono/DialogoMuerteDelta","Dialogo","Te ayudará a entender.","It'll help you understand."
"t_b0d692e3b3e9","2daParte:Acto4/SalaDelTrono/DialogoMuerteDelta","Dialogo","No necesito entender nada. Solo necesito saber qué quieres que haga.","I don't need to understand anything. I only need to know what you want me to do."
"t_a760ee7b0f81","2daParte:Acto4/SalaDelTrono/DialogoMuerteDelta","Dialogo","La profecía debe cumplirse.","The prophecy must be fulfilled."
"t_b33d6c5634db","2daParte:Acto4/SalaDelTrono/DialogoMuerteDelta","Dialogo","Claro que sí. Todo por la familia. Ah… ya veo. Así que es así. Tiene sentido. Siempre dijiste que cuando llegara el momento habría que darlo todo.","Of course it must. Everything for the Family. Ah… I see. So that's how it is. It makes sense. You always said that when the moment came, we'd have to give everything."
"t_ff5edad22d15","2daParte:Acto4/SalaDelTrono/DialogoMuerteDelta","Dialogo","Y tú siempre dijiste que lo harías.","And you always said that you would."
"t_d6b1a72da9df","2daParte:Acto4/SalaDelTrono/DialogoMuerteDelta","Dialogo","Por supuesto que sí. Vamos, Lilith. Hazlo bien. No me gustaría que Alpha pensara que eligió mal.","Of course I would. Come on, Lilith. Do it right. I'd hate for Alpha to think he chose wrong."
"t_84f1ee946b1c","2daParte:Acto4/SalaDelTrono/DialogoMuerteDelta","Dialogo","Por la familia.","For the Family."
"t_84f1ee946b1c_92e1","2daParte:Acto4/SalaDelTrono/DialogoMuerteDelta","Dialogo","Por la familia.","For the Family."
"t_84f1ee946b1c_daa0","2daParte:Acto4/SalaDelTrono/DialogoMuerteDelta","Dialogo","Por la familia.","For the Family."
"t_ef58779090d7","2daParte:Acto4/SalaDelTrono/DialogoTronoAlpha","Dialogo","Veo que lo encontraste.","I see you found it."
"t_e6cdb797b3e2","2daParte:Acto4/SalaDelTrono/DialogoTronoAlpha","Dialogo","Sí, estaba justo donde dijiste.","Yes, it was right where you said."
"t_12cf3d12ebcf","2daParte:Acto4/SalaDelTrono/DialogoTronoAlpha","Dialogo","Perfecto. Este texto es más antiguo que esta casa. Más antiguo que esta comunidad. Aquí está. La siguiente parte de la profecía.","Perfect. This text is older than this house. Older than this community. Here it is. The next part of the prophecy."
"t_f40a67618f38","2daParte:Acto4/SalaDelTrono/DialogoTronoAlpha","Dialogo","¿Y qué dice?","And what does it say?"
"t_fe66e2a0bcdc","2daParte:Acto4/SalaDelTrono/DialogoTronoAlpha","Dialogo","Que el elegido debe demostrar su voluntad. Que antes del final… debe aprender a dar el paso sin dudar.","That the chosen one must prove their will. That before the end… they must learn to take the step without hesitating."
"t_cd91d46b2aa1","2daParte:Acto4/SalaDelTrono/DialogoTronoAlpha","Dialogo","Por eso esto también forma parte de tu entrenamiento. Este arma es un instrumento de fe. Con él se completará la profecía. Ahora te toca a ti.","That is why this is also part of your training. This weapon is an instrument of faith. With it the prophecy will be completed. Now it's your turn."
"t_9184cd3fe0e1","2daParte:Acto4/SalaDelTrono/DialogoTronoAlpha","Dialogo","*Intentas descifrar el texto del cuchillo*","*You try to decipher the text on the knife*"
"t_9f8827f0856c","2daParte:Acto4/SalaDelTrono/DialogoTronoAlpha","Dialogo","¿Y qué se supone que tengo que hacer con esto?","And what am I supposed to do with this?"
"t_f3bac9cd5bef","2daParte:Acto4/SalaDelTrono/DialogoTronoAlpha","Dialogo","Una pequeña prueba. Nada que no puedas manejar.","A small test. Nothing you can't handle."
"t_b6646a4d5fc4","2daParte:Acto4/SalaDelTrono/DialogoTronoAlpha","Dialogo","Si consigues pasar esta prueba, sabrás la verdad de todo esto. Me acompañaras hasta el final y juntos… Nos alzaremos.","If you manage to pass this test, you'll know the truth behind all of it. You'll walk with me to the end and together… We will rise."
"t_8b1a9bd0ccfa","2daParte:Acto4/SalaDelTrono/Parte2/NotaDeAlpha","Dialogo","Lilith,
La última parte de la profecía debe cumplirse en el lugar donde todo comenzó.","Lilith,
The last part of the prophecy must be fulfilled in the place where it all began."
"t_1e71d39061f7","2daParte:Acto4/SalaDelTrono/Parte2/NotaDeAlpha","Dialogo","En la cima de la montaña.
El Árbol se ha expandido.","At the top of the mountain.
The Tree has spread."
"t_2ffbb62f3ffd","2daParte:Acto4/SalaDelTrono/Parte2/NotaDeAlpha","Dialogo","Ahora está a la espera.
Yo iré preparando el ritual.","Now it waits.
I will go prepare the ritual."
"t_aa0b64aec14d","2daParte:Acto4/SalaDelTrono/Parte2/NotaDeAlpha","Dialogo","No tardes.
Una familia no debe hacerse esperar.","Don't be long.
A family should not be kept waiting."
"t_378fcfca649a","2daParte:Acto4/SalaDelTrono/Parte2/NotaDeAlpha","Dialogo","Bueno, no tengo más remedio que ir.","Well, I have no choice but to go."
"t_1a6b7be7e5a3","2daParte:Acto4/SalaDelTrono/Parte2/NotaDeAlpha","Nombre de hablante","Nota","Note"
"t_6c2f08e7ace1","2daParte:Acto4/SalaInvitados/InicioActo5","Dialogo","¿Que es este sitio?","What is this place?"
"t_2ca1ebe1e567","2daParte:Acto4/SalaInvitados/MisionInvestigar","Objetivo de mision","INVESTIGA LA ZONA","SEARCH THE AREA"
"t_85741d9b3472","2daParte:Acto4/SalaInvitados/Nota26","Nota de lore","Al fin he encontrado la paz. Ya no recuerdo los nombres de mis acreedores, ni el frío del portal donde dormía en la ciudad, ni el rechazo de los míos. El Néctar ha borrado todo el ruido de mi cabeza, dejando solo una melodía hermosa y constante que proviene de las raíces bajo mis pies. 

Qué honor tan grande es ser un discípulo del Gran Árbol. Formar parte de esta hermosa familia y saber que mi existencia, por fin, sirve para algo más grande. Entregar mi voluntad a Alpha no es un castigo, es el mayor acto de liberación posible. Si el Árbol me pide mañana que mi corazón deje de latir para alimentar su corteza, lo haré sonriendo. Porque aquí, perderse a uno mismo es la única forma de encontrarse.","At last I have found peace. I no longer remember the names of my creditors, or the cold of the doorway where I used to sleep in the city, or the rejection of my own family. The Nectar has erased all the noise in my head, leaving only a beautiful, constant melody that comes from the roots beneath my feet. 

What a great honor it is to be a disciple of the Great Tree. To be part of this beautiful family and to know that my existence, at last, serves something greater. Handing my will over to Alpha is not a punishment, it is the greatest act of liberation there is. If tomorrow the Tree asks that my heart stop beating to feed its bark, I will do it smiling. Because here, losing yourself is the only way to find yourself."
"t_66173474b089","Codigo:ArrowPuzzleTrigger.cs","Mensaje de puzle","COMPLETADO","COMPLETE"
"t_6f80f030db20","Codigo:FNFGameManager.cs","Marcador de puzle","PUNTOS: {0}/{1}","POINTS: {0}/{1}"
"t_bac7f7d4beb0","Codigo:BacklogManager.cs","Etiqueta de interfaz","Conversación con:","Conversation with:"
"t_22070a07a5f1","Codigo:GameManager.cs","Objetivo de mision","VE A HABLAR CON LIN DE NUEVO","GO TALK TO LIN AGAIN"
"t_28c41fac78b9","Codigo:InventorySystem.cs","Etiqueta de interfaz","Vacío","Empty"
"t_db9c8b55b13d","Creditos:Canvas/CreditsContainer/Titulo (10)","Etiqueta de interfaz","DIALOGUE & BACKLOG PROGRAMMER","DIALOGUE & BACKLOG PROGRAMMER"
"t_77d911e25ac4_2622","Creditos:Canvas/CreditsContainer/Titulo (11)","Etiqueta de interfaz","DIEGO GALINDO","DIEGO GALINDO"
"t_44129c11c318","Creditos:Canvas/CreditsContainer/Titulo (12)","Etiqueta de interfaz","ART & BACKGROUND DESIGN","ART & BACKGROUND DESIGN"
"t_08423fdd64eb","Creditos:Canvas/CreditsContainer/Titulo (13)","Etiqueta de interfaz","FRANCISCO CAMPOS","FRANCISCO CAMPOS"
"t_80179f2c8f80","Creditos:Canvas/CreditsContainer/Titulo (14)","Etiqueta de interfaz","ART & CHARACTER DESIGN","ART & CHARACTER DESIGN"
"t_4d0f3d8be63f_0895","Creditos:Canvas/CreditsContainer/Titulo (15)","Etiqueta de interfaz","MONICA CARMENA","MONICA CARMENA"
"t_abcce10370a8","Creditos:Canvas/CreditsContainer/Titulo (16)","Etiqueta de interfaz","WRITING AND NARRATIVE","WRITING AND NARRATIVE"
"t_17a5cab3ab41","Creditos:Canvas/CreditsContainer/Titulo (17)","Etiqueta de interfaz","JESUS LAINEZ & FRANCISCO CAMPOS","JESUS LAINEZ & FRANCISCO CAMPOS"
"t_892ee60677af","Creditos:Canvas/CreditsContainer/Titulo (18)","Etiqueta de interfaz","LEVEL & PUZZLE DESIGN","LEVEL & PUZZLE DESIGN"
"t_8f8d46699575_380e","Creditos:Canvas/CreditsContainer/Titulo (19)","Etiqueta de interfaz","JESUS LAINEZ","JESUS LAINEZ"
"t_fa4b189d9853","Creditos:Canvas/CreditsContainer/Titulo (2)","Etiqueta de interfaz","GAME DESIGN","GAME DESIGN"
"t_582e50b9a840","Creditos:Canvas/CreditsContainer/Titulo (20)","Etiqueta de interfaz","ART SUPPORT & PUZZLE SPRITES","ART SUPPORT & PUZZLE SPRITES"
"t_58e157362e45_86f8","Creditos:Canvas/CreditsContainer/Titulo (21)","Etiqueta de interfaz","CELIA REGUERO","CELIA REGUERO"
"t_bf3af1f80fe1","Creditos:Canvas/CreditsContainer/Titulo (22)","Etiqueta de interfaz","MUSIC","MUSIC"
"t_6444f0ecb0fb","Creditos:Canvas/CreditsContainer/Titulo (23)","Etiqueta de interfaz","DANIEL PASTOR (SAINTCOR)","DANIEL PASTOR (SAINTCOR)"
"t_83411c940d7b","Creditos:Canvas/CreditsContainer/Titulo (24)","Etiqueta de interfaz","SPECIAL THANKS","SPECIAL THANKS"
"t_13cb261ccfc4","Creditos:Canvas/CreditsContainer/Titulo (25)","Etiqueta de interfaz","JUAN PABLO ORDOÑEZ","JUAN PABLO ORDOÑEZ"
"t_528045f12177","Creditos:Canvas/CreditsContainer/Titulo (26)","Etiqueta de interfaz","QA & TESTING","QA & TESTING"
"t_31629f819653","Creditos:Canvas/CreditsContainer/Titulo (27)","Etiqueta de interfaz","DIEGO GALINDO, AARON QUISNANCELA, CELIA REGUERO, MONICA CARMENA, JESUS LAINEZ, FRANCISCO CAMPOS","DIEGO GALINDO, AARON QUISNANCELA, CELIA REGUERO, MONICA CARMENA, JESUS LAINEZ, FRANCISCO CAMPOS"
"t_2c9e89a1aa54","Creditos:Canvas/CreditsContainer/Titulo (28)","Etiqueta de interfaz","PROJECT DIRECTION","PROJECT DIRECTION"
"t_58e157362e45","Creditos:Canvas/CreditsContainer/Titulo (29)","Etiqueta de interfaz","CELIA REGUERO","CELIA REGUERO"
"t_8f8d46699575","Creditos:Canvas/CreditsContainer/Titulo (3)","Etiqueta de interfaz","JESUS LAINEZ","JESUS LAINEZ"
"t_b263af16039d","Creditos:Canvas/CreditsContainer/Titulo (4)","Etiqueta de interfaz","LEAD PROGRAMMER","LEAD PROGRAMMER"
"t_77d911e25ac4","Creditos:Canvas/CreditsContainer/Titulo (5)","Etiqueta de interfaz","DIEGO GALINDO","DIEGO GALINDO"
"t_82170e9ad443","Creditos:Canvas/CreditsContainer/Titulo (6)","Etiqueta de interfaz","LEAD ARTIST","LEAD ARTIST"
"t_4d0f3d8be63f","Creditos:Canvas/CreditsContainer/Titulo (7)","Etiqueta de interfaz","MONICA CARMENA","MONICA CARMENA"
"t_98c80997874f","Creditos:Canvas/CreditsContainer/Titulo (8)","Etiqueta de interfaz","PUZZLE & ANIMATION PROGRAMMER","PUZZLE & ANIMATION PROGRAMMER"
"t_27db4a44a97e","Creditos:Canvas/CreditsContainer/Titulo (9)","Etiqueta de interfaz","AARON QUISNANCELA","AARON QUISNANCELA"
"t_f3f55a2f658c","DialogoFinalLilith:COlliderDialogoLilith","Dialogo","Claro... ahora lo veo. Alpha hablaba de Beta como si fuera un dios. Como si fuera alguien que iba a venir.","Of course... now I see it. Alpha spoke about Beta like he was a god. Like he was someone who was going to come."
"t_10a5eb70a3de","DialogoFinalLilith:COlliderDialogoLilith","Dialogo","Pero no. No estaba esperando a nadie. Siempre estuvo ahí. Desde el principio. No era Alpha quien nos guiaba.","But no. He wasn't waiting for anyone. You were always there. From the beginning. It wasn't Alpha who was guiding us."
"t_08a10d6b7613","DialogoFinalLilith:COlliderDialogoLilith","Dialogo","Eres tú. Beta eres tú. Tú elegiste. Tú empujaste todo esto. Y yo solo era la que lo hacía. Así que escúchame bien.","It's you. Beta is you. You chose. You pushed all of this. And I was just the one doing it. So listen to me closely."
"t_dc17abf46a89","DialogoFinalLilith:COlliderDialogoLilith","Dialogo","Porque ahora sé que estás ahí. Y cuando te encuentre… Tú serás el siguiente.","Because now I know you're there. And when I find you… You'll be next."
"t_c81ad1fb72c1_a344","FinDelJuego:Canvas/Button/Text (TMP)","Etiqueta de interfaz","SALIR","QUIT"
"t_2081fe8d6d7e","FinDelJuego:Canvas/Image/Text (TMP)","Etiqueta de interfaz","FIN","THE END"
"t_638cac77b278","MenuInicial:Canvas/Paneles/PanelAjustes/Tab_Audio/MusicVolume","Etiqueta de interfaz","Volumen Música","Music Volume"
"t_043a2b2d7e6b","MenuInicial:Canvas/Paneles/PanelAjustes/Tab_Controles","Nombre de control","Arriba","Up"
"t_7e9b66c51ada","MenuInicial:Canvas/Paneles/PanelAjustes/Tab_Controles","Nombre de control","Abajo","Down"
"t_666ac60aa381","MenuInicial:Canvas/Paneles/PanelAjustes/Tab_Controles","Nombre de control","Izquierda","Left"
"t_13b8c9dde51c","MenuInicial:Canvas/Paneles/PanelAjustes/Tab_Controles","Nombre de control","Derecha","Right"
"t_9a10b95a8f01","MenuInicial:Canvas/Paneles/PanelAjustes/Tab_Controles","Nombre de control","Puzzles","Puzzles"
"t_bd379d1af0f3","MenuInicial:Canvas/Paneles/PanelAjustes/Tab_Controles","Nombre de control","Diálogo","Dialogue"
"t_1fe3af46d323","MenuInicial:Canvas/Paneles/PanelAjustes/Tab_Controles","Nombre de control","Backlog","Backlog"
"t_1ab8ed4b67a5","MenuInicial:Canvas/Paneles/PanelAjustes/Tabs/Audio/Text (TMP)","Etiqueta de interfaz","AUDIO","AUDIO"
"t_7c910c8a6864","MenuInicial:Canvas/Paneles/PanelAjustes/Tabs/Controles/Text (TMP)","Etiqueta de interfaz","CONTROLES","CONTROLS"
"t_feae7e77248b","MenuInicial:Canvas/Paneles/PanelAjustes/Tabs/Graficos/Text (TMP)","Etiqueta de interfaz","GRÁFICOS","GRAPHICS"
"t_e1d188123b83","MenuInicial:Canvas/Paneles/PanelAjustes/Text (TMP)","Etiqueta de interfaz","VOLVER","BACK"
"t_a0509b778062_da52","MenuInicial:Canvas/Paneles/PanelAviso/No/Text (TMP)","Etiqueta de interfaz","NO","NO"
"t_83a9dc0a7ea2_2371","MenuInicial:Canvas/Paneles/PanelAviso/Si/Text (TMP)","Etiqueta de interfaz","SÍ","YES"
"t_8fd8bea250e6","MenuInicial:Canvas/Paneles/PanelAviso/Texto Aviso 1","Etiqueta de interfaz","¿SEGURO QUE QUIERES EMPEZAR UNA NUEVA PARTIDA","ARE YOU SURE YOU WANT TO START A NEW GAME"
"t_a1efa5f76705","MenuInicial:Canvas/Paneles/PanelAviso/Texto Aviso 2","Etiqueta de interfaz","Si empiezas una nueva partida se eliminará el archivo de guardado que tengas.","Starting a new game will delete your current save file."
"t_c81ad1fb72c1_8539","MenuInicial:Canvas/Paneles/PanelMainMenu/Exit/Text (TMP)","Etiqueta de interfaz","SALIR","QUIT"
"t_28a466bb6b3b","MenuInicial:Canvas/Paneles/PanelMainMenu/HorizontalBotones/Continuar/Text (TMP)","Etiqueta de interfaz","CONTINUAR","CONTINUE"
"t_3d5193682a3c","MenuInicial:Canvas/Paneles/PanelMainMenu/HorizontalBotones/Play/Text (TMP)","Etiqueta de interfaz","NUEVA PARTIDA","NEW GAME"
"t_aba2d75cf84c_de85","MenuInicial:Canvas/Paneles/PanelMainMenu/Settings/Text (TMP)","Etiqueta de interfaz","AJUSTES","SETTINGS"
"t_0ee5eaf91576","SampleScene:Arbol/CampanasIglesia","Dialogo","¿Y ese sonido?, creo que debería ir a la plaza","What's that sound? I think I should head to the square"
"t_dd37a6476272","SampleScene:Arbol/DiálogoArbolLilith","Dialogo","Que rara me siento aquí, es como si algo me estuviese llamando o haciendo una señal.","I feel so strange here, it's like something is calling me or giving me a sign."
"t_432386e883c4","SampleScene:Arbol/DiálogoArbolLilith","Dialogo","¿Es esto lo que me dijo antes Alpha?","Is this what Alpha told me about before?"
"t_1dffd08fd2c2","SampleScene:Arbol/DiálogoArbolLilith","Dialogo","La semilla que me dió antes es rara, brilla de una manera extraña.","The seed he gave me earlier is strange, it glows in an odd way."
"t_3016de2e82b7","SampleScene:Arbol/DiálogoArbolLilith","Dialogo","Seguramente es aquí donde tengo que plantarla","This must be where I have to plant it"
"t_203c2cdf45dc","SampleScene:Arbol/FinDelActo2(SegundaSemilla)","Dialogo","Has enterrado la chapa de Bortis","You have buried Bortis's ID badge"
"t_887eec6c8525","SampleScene:Arbol/FinDelActo2(SegundaSemilla)","Dialogo","Voy a la habitación a descansar, ha sido un día muy largo.","I'm going to my room to rest, it's been a very long day."
"t_5113fb72e0ee","SampleScene:Arbol/PlantarSemilla","Dialogo","Has plantado la semilla","You planted the seed"
"t_ae4fdd38fcec","SampleScene:Bar/Boton1","Dialogo","Has encontrado el boton 1.","You found button 1."
"t_ad4d1b884998","SampleScene:Bar/Boton1 (1)","Dialogo","Has encontrado el boton 2.","You found button 2."
"t_32e35c899289","SampleScene:Bar/Boton1 (2)","Dialogo","Has encontrado el boton 3.","You found button 3."
"t_758e636f26ed","SampleScene:Bar/Boton1 (3)","Dialogo","Has encontrado el boton 4.","You found button 4."
"t_1a252183c2e0","SampleScene:Bar/DespuesDeHablarConJefe (+1)","Nombre de hablante","Segurata","Bouncer"
"t_cb5551f403fa","SampleScene:Bar/DespuesDeHablarConJefe (+1)","Nombre de hablante","Jefe","Boss"
"t_278f3df83755","SampleScene:Bar/DespuesDeHablarConJefe","Dialogo","¡Te dije que no podías pasar, ven aquí!","I said you couldn't come in, get over here!"
"t_f61a1abcfbd2","SampleScene:Bar/DespuesDeHablarConJefe","Dialogo","No he hecho nada. Solo estoy de pie, pidiendo una maldita bebida.","I haven't done anything. I'm just standing here, asking for a damn drink."
"t_1d60c033b3bb","SampleScene:Bar/DespuesDeHablarConJefe","Dialogo","No me importa. Aquí las reglas se cumplen. Y la regla es que tú no deberías estar aquí.","I don't care. In here the rules get obeyed. And the rule is that you shouldn't be here."
"t_647b5a8d53d0","SampleScene:Bar/DespuesDeHablarConJefe","Dialogo","Caballeros, dejen a la muchacha en paz.","Gentlemen, leave the girl in peace."
"t_88c824981dc0","SampleScene:Bar/DespuesDeHablarConJefe","Dialogo","Alpha… Esto no es asunto tuyo. Ella no debería estar aquí.","Alpha… This is none of your business. She shouldn't be here."
"t_26d71fbe3943","SampleScene:Bar/DespuesDeHablarConJefe","Dialogo","Tal vez. Pero mientras esté aquí, merece ser escuchada.
 No es propio de este lugar tratar a un invitado como un criminal sin siquiera oír lo que tiene que decir.","Perhaps not. But while she is here, she deserves to be heard.
 It is not like this place to treat a guest as a criminal without even hearing what she has to say."
"t_525f2895057d","SampleScene:Bar/DespuesDeHablarConJefe","Dialogo","Ella no es invitada, Alpha. Mira como va vestida. Si la dejamos quedarse, no entrarán nuevos clientes.","She's no guest, Alpha. Look at the way she's dressed. If we let her stay, no new customers will come in."
"t_231654a0b52c","SampleScene:Bar/DespuesDeHablarConJefe","Dialogo","Si ocurre algún problema, yo responderé por ella. Confíen en mi juicio. Si algo falla, será mi responsabilidad.","If any trouble arises, I will answer for her. Trust my judgment. If anything goes wrong, it will be my responsibility."
"t_a9078f3c01f9","SampleScene:Bar/DespuesDeHablarConJefe","Dialogo","Está bien, pero que quede claro: esto es bajo tu palabra. Si algo pasa, no vengas a pedirme favores.","Fine, but let's be clear: this is on your word. If anything happens, don't come asking me for favors."
"t_58a86b64c415","SampleScene:Bar/DespuesDeHablarConJefe","Dialogo","Muchas gracias, sabía que eras un hombre razonable. En cuanto a usted señorita, si me concede unos minutos, me gustaría conversar con usted.","Thank you kindly, I knew you were a reasonable man. As for you, miss, if you would grant me a few minutes, I would like to have a word with you."
"t_b889ef99af85","SampleScene:Bar/DespuesDeHablarConJefe","Dialogo","Creo que ambos podemos salir beneficiados de una oferta que tengo en mente.","I believe we could both benefit from an offer I have in mind."
"t_bfcb21136b5d","SampleScene:Bar/DespuesdelFadeNegro","Dialogo","Señorita, antes que nada quiero agradecerle por escucharme.","Miss, before anything else, I want to thank you for hearing me out."
"t_be4828b6decc","SampleScene:Bar/DespuesdelFadeNegro","Dialogo","Entiendo que todo esto pueda parecer repentino, incluso extraño… pero créame,","I understand all of this may seem sudden, even strange… but believe me,"
"t_0a47e5b16380","SampleScene:Bar/DespuesdelFadeNegro","Dialogo","no es casualidad que nos hayamos encontrado hoy.","it is no accident that we met today."
"t_9938ae92b7c8","SampleScene:Bar/DespuesdelFadeNegro","Dialogo","No sé… todo esto me toma un poco por sorpresa. No suelo aceptar cosas así, tan de repente","I don't know… all this catches me a little off guard. I don't usually accept things like this, so suddenly"
"t_495dc29dd284","SampleScene:Bar/DespuesdelFadeNegro","Dialogo","Lo entiendo perfectamente. Justamente por eso quiero invitarla a un lugar especial.","I understand completely. That is precisely why I want to invite you somewhere special."
"t_cbe5e87cf31e","SampleScene:Bar/DespuesdelFadeNegro","Dialogo","Un retiro en las montañas, lejos del bullicio, del ruido y de las distracciones de la ciudad.","A retreat in the mountains, far from the bustle, the noise and the distractions of the city."
"t_86ac07505e53","SampleScene:Bar/DespuesdelFadeNegro","Dialogo","Un sitio donde podrá descansar, reflexionar y aprender sobre ti y sobre tu potencial.","A place where you can rest, reflect, and learn about yourself and your potential."
"t_2b583fbf9fc7","SampleScene:Bar/DespuesdelFadeNegro","Dialogo","¿Un retiro… en las montañas? Suena… interesante, pero también un poco inquietante.","A retreat… in the mountains? It sounds… interesting, but also a little unsettling."
"t_599cfa0294fe","SampleScene:Bar/DespuesdelFadeNegro","Dialogo","No conozco a nadie que haya hecho algo similar, y apenas te conozco a ti.","I don't know anyone who's done anything like that, and I barely know you."
"t_8df5d79c2071","SampleScene:Bar/DespuesdelFadeNegro","Dialogo","No quiero que se preocupe por el viaje. Me encargaré personalmente de que llegue de manera segura.","I don't want you worrying about the journey. I will personally see that you arrive safely."
"t_9a7f1e42b655","SampleScene:Bar/DespuesdelFadeNegro","Dialogo","Todo estará organizado y cubierto. Solo tendrá que aceptar venir y dejarse guiar por unos días.","Everything will be arranged and covered. You need only agree to come and let yourself be guided for a few days."
"t_9323a0f41f63","SampleScene:Bar/DespuesdelFadeNegro","Dialogo","No sé… suena demasiado bueno para ser cierto. Y al mismo tiempo, algo dentro de mí tiene curiosidad","I don't know… it sounds too good to be true. And at the same time, something inside me is curious"
"t_8c3fe4825dab","SampleScene:Bar/DespuesdelFadeNegro","Dialogo","Hace tiempo que no me siento en paz conmigo misma.","It's been a long time since I felt at peace with myself."
"t_c73f5ce4f68c","SampleScene:Bar/DespuesdelFadeNegro","Dialogo","Precisamente. Sé que la idea de alejarse de todo puede ser intimidante, pero piense en esto como una oportunidad.","Precisely. I know the idea of leaving everything behind can be intimidating, but think of it as an opportunity."
"t_7fc45b81a822","SampleScene:Bar/DespuesdelFadeNegro","Dialogo","Un espacio donde encontrará paz, claridad y quizás algo que ha estado buscando sin saberlo.","A space where you will find peace, clarity, and perhaps something you've been looking for without knowing it."
"t_778286aae03b","SampleScene:Bar/DespuesdelFadeNegro","Dialogo","No es una obligación, solo una invitación… una puerta que podría abrirle muchas posibilidades","It is not an obligation, only an invitation… a door that could open many possibilities for you"
"t_8a787b1927c1","SampleScene:Bar/DespuesdelFadeNegro","Dialogo","…Supongo que… no tengo nada que perder. Tal vez un cambio de aire me haría bien.","…I guess… I have nothing to lose. Maybe a change of air would do me good."
"t_3de1e97f2a07","SampleScene:Bar/DespuesdelFadeNegro","Dialogo","Me aseguraré de que todo sea seguro, cómodo y enriquecedor.","I will make sure it is all safe, comfortable and rewarding."
"t_05b1e54dd093","SampleScene:Bar/DespuesdelFadeNegro","Dialogo","Lo único que necesito es que confíe en mí, aunque sea un poco, y acepte este viaje.","All I need is for you to trust me, even a little, and accept this journey."
"t_432d54e22117","SampleScene:Bar/DespuesdelFadeNegro","Dialogo","Está bien… confío en ti. Acepto","All right… I trust you. I accept"
"t_baaaafb1ac9a","SampleScene:Bar/JefeBarSituación","Dialogo","Un momento… yo no te he visto entrar por la puerta. ¿Cómo demonios has pasado, tú ves como vas vestida?, aquí las reglas se respetan","Hold on… I didn't see you come in through the door. How the hell did you get in, have you seen the way you're dressed? Around here the rules are respected"
"t_80b1e2d7f342","SampleScene:Bar/NPCBarraConversacion","Dialogo","¡Eh! ¡Ponme otra ronda! Esta noche no vuelvo a casa, me da igual que mañana tenga que trabajar.","Hey! Pour me another round! I'm not going home tonight, I don't care if I have work tomorrow."
"t_6f39a15a4209","SampleScene:Bar/NPCsCartasConversación","Dialogo","Te lo digo en serio, no hay forma de que ganes, llevo toda la noche contando las cartas","I'm telling you, there's no way you win, I've been counting cards all night"
"t_37f35166e21b","SampleScene:Bar/NPCsCartasConversación","Dialogo","¡Sí, claro! Y por eso vas perdiendo desde que empezó la partida… deja de inventar","Yeah, right! That's why you've been losing since the game started… quit making things up"
"t_3c082936bff4","SampleScene:Bar/RecibimientoBar","Dialogo","¡QUE ALGUIEN PONGA MÚSICA!","SOMEBODY PUT SOME MUSIC ON!"
"t_bcdd9de76312","SampleScene:Bar/RecibimientoBar","Dialogo","(Que remedio... lo haré yo, arreglaré la gramola)","(No choice... I'll do it myself, I'll fix the jukebox)"
"t_f639cce26ac8","SampleScene:Bar/RecibimientoBar","Nombre de hablante","Npc","NPC"
"t_160dc391fe1a","SampleScene:Biblioteca/Anorah","Dialogo","Tómate tu tiempo, querida. Los libros aquí son... reconfortantes.","Take your time, dear. The books here are... comforting."
"t_0289118e447d","SampleScene:Biblioteca/Anorah","Dialogo","Si necesitas escapar de tus pensamientos, este es el lugar.","If you need to escape your thoughts, this is the place."
"t_8b8b156958a1","SampleScene:Biblioteca/DialogoGritoHombre","Dialogo","AAAAAAAAAAHHHHHHHHHHGGGGGGG","AAAAAAAAAAHHHHHHHHHHGGGGGGG"
"t_5780f3ac7d87","SampleScene:Biblioteca/DialogoGritoHombre","Dialogo","¡¡¡¡¡¡¿PERO QUE HA SIDO ESO?!!!!!!","WHAT ON EARTH WAS THAT?!!!!!!"
"t_d9d978e5c56f","SampleScene:Biblioteca/MisionCorreAlCentroDelJardin","Objetivo de mision","CORRE AL CENTRO DEL JARDÍN A VER QUE HA PASADO","RUN TO THE CENTRAL GARDEN AND SEE WHAT HAPPENED"
"t_3c1c831f8019","SampleScene:Biblioteca/Nota11","Nota de lore","CAPÍTULO IV: LA GEOMETRÍA DEL SACRIFICIO 

...Porque la mente humana es un tejido burdo, propenso al desgaste del tiempo y la memoria. El Gran Árbol no busca almas perfectas, sino almas agrietadas. Es en la hendidura del dolor donde la Semilla Sagrada puede echar raíces de manera efectiva.

Cuando el Guía ofrece la copa, no está entregando un bálsamo, sino un canje místico. El Néctar consume los recuerdos del invierno exterior y, a cambio, rellena el vacío con la voluntad de la raíz. La sumisión no debe ser forzada con cadenas de hierro, sino con el dulce peso de la pertenencia. 

Aquella Elegida que acepte el brote en su interior dejará de pertenecerse a sí misma; sus hilos se fundirán con la corteza eterna, y su dolor individual se transformará en el alimento de toda la Comuna...","CHAPTER IV: THE GEOMETRY OF SACRIFICE 

...For the human mind is a coarse weave, prone to the wear of time and memory. The Great Tree does not seek perfect souls, but cracked ones. It is in the fissure of pain that the Sacred Seed can take root effectively.

When the Guide offers the cup, he is not handing over a balm, but a mystical exchange. The Nectar consumes the memories of the outer winter and, in return, fills the emptiness with the will of the root. Submission must not be forced with chains of iron, but with the sweet weight of belonging. 

The Chosen One who accepts the sprout within her will cease to belong to herself; her threads will fuse with the eternal bark, and her individual pain will become nourishment for the whole Commune..."
"t_f094c29b65ec","SampleScene:Biblioteca/Nota12","Nota de lore","18 de Mayo de 2014 

Las cosas eran más sencillas al principio. 

Éramos apenas cinco personas en este claro del bosque, construyendo las primeras cabañas con nuestras propias manos. Alpha nos hablaba de paz, de huir de las fábricas, del humo de la ciudad y de las deudas que nos ahogaban. Sentíamos que habíamos encontrado el paraíso. 

Pero algo cambió, Alpha empezó a actuar diferente. Empezó a trabajar con métodos, listas, y cuadrantes de control. Alpha estaba convencido de que la fe no era suficiente para mantener el orden, de que los humanos somos egoístas por naturaleza y necesitábamos una estructura rígida. 

Extraño los días en que nos sentábamos a hablar. Extraño mirar a Alpha y ver a un amigo, en lugar de a un Dios que te vigila desde el altar.","May 18, 2014 

Things were simpler at the beginning. 

There were barely five of us in this clearing in the woods, building the first cabins with our own hands. Alpha spoke to us of peace, of getting away from the factories, from the smoke of the city and from the debts that were drowning us. We felt we had found paradise. 

But something changed. Alpha began to act differently. He started working with methods, lists, and control rosters. Alpha was convinced that faith was not enough to keep order, that we humans are selfish by nature and needed a rigid structure. 

I miss the days when we would sit down and talk. I miss looking at Alpha and seeing a friend, instead of a God who watches you from the altar."
"t_b71b2bf91704_2f07","SampleScene:Biblioteca/TodaviaNOBilblioteca","Dialogo","Esta zona se desbloqueará más tarde.","This area will unlock later."
"t_bfb8c7a1ca7a","SampleScene:Bus/ConductoriAvisando","Dialogo","Ya hemos llegado a su destino","We've arrived at your destination"
"t_b9310a5871c8","SampleScene:Bus/ConductoriAvisando (+1)","Nombre de hablante","Conductor","Driver"
"t_f1cab0e5f8a5","SampleScene:Bus/ConvLilithYGamma","Dialogo","¿Tu también vienes de retiro? ¿Y a ti quien te hablo de esto?","You're coming to the retreat too? And who told you about it?"
"t_eec5138b5bae","SampleScene:Bus/ConvLilithYGamma","Opcion de dialogo","A) Si, me dijeron que sería un nuevo comienzo","A) Yeah, they told me it'd be a fresh start"
"t_888750bbe0d7","SampleScene:Bus/ConvLilithYGamma","Opcion de dialogo","B) Parece que somos el club de los desahuciados","B) Looks like we're the club of the written-off"
"t_81683835b9e4","SampleScene:Bus/ConvLilithYGamma","Opcion de dialogo","C) ¿A qué te refieres con también?","C) What do you mean, too?"
"t_bcab9a7b8904","SampleScene:Bus/ConvLilithYGamma","Dialogo","Así que un nuevo comienzo eh … En un, qué más da, tampoco había nada mejor que hacer que esto. Al menos es un cambio ¿no?","So, a fresh start, huh … Anyway, whatever, wasn't like I had anything better to do. At least it's a change, right?"
"t_405a9d4b01c4","SampleScene:Bus/ConvLilithYGamma","Dialogo","Yo lo perdí todo: el piso, la familia, mi hija, los amigos. Toooodo a la mierda","I lost it all: the apartment, my family, my daughter, my friends. Eveeerything gone to shit"
"t_dd3a66594e0d","SampleScene:Bus/ConvLilithYGamma","Dialogo","Un tal Alpha me encontró en un callejón. Estaba drogada y otros yonkis del barrio estaban dándome una paliza","Some guy named Alpha found me in an alley. I was high and a few junkies from the neighborhood were beating me half to death"
"t_9dc4b5d47bf9","SampleScene:Bus/ConvLilithYGamma","Dialogo","Los acompañantes de ese señor espantaron a mis atacantes. Alpha me habló de este lugar… un retiro en las montañas o algo así","That man's people scared my attackers off. Alpha told me about this place… a retreat up in the mountains or something"
"t_7e2310a5ceba","SampleScene:Bus/ConvLilithYGamma","Dialogo","Dijo que no sale en los mapas, es un lugar justo para los rechazados como nosotros","He said it's not on any map, that it's a place made for rejects like us"
"t_1622062b0741","SampleScene:Bus/ConvLilithYGamma","Dialogo","En fin… Solo sé que llevo unas horas sin tomar nada y necesito algo ya o me volveré loca","Anyway… All I know is I haven't taken anything in hours and I need something now or I'll lose my mind"
"t_dc15d348bc39","SampleScene:Bus/ConvLilithYGamma","Dialogo","¿Tienes algo? , alguna pastilla, lo que sea. Cualquier cosa me vale, no sé si seré capaz de aguantar este viaje sino.","Got anything? , a pill, whatever. Anything works, I don't know if I can make it through this trip otherwise."
"t_146e46d7d35d","SampleScene:Bus/ConvLilithYGamma","Dialogo","Me refiero a que somos productos de caridad. No tenemos donde ir.","I mean we're charity cases. We've got nowhere to go."
"t_236fdfdfba6c","SampleScene:Bus/ConvLilithYGamma","Dialogo","Ese tipo es raro, pero bueno, nos ha tendido una mano así que supongo que le tendré que estar agradecida.","That guy's strange, but hey, he gave us a hand so I guess I owe him some gratitude."
"t_5b117f856685","SampleScene:Bus/ConvLilithYGamma","Dialogo","Sienta bien que alguien no te trate como un despojo humano de vez en cuando.","It feels good when someone doesn't treat you like human garbage for once."
"t_912cd3296c10","SampleScene:Bus/ConvLilithYGamma","Dialogo","Dijo que en este lugar podría mejorar. Pero esto de estar sobria… Que horror.","He said I could get better in this place. But this sober thing… It's awful."
"t_8f8e856157ef","SampleScene:Bus/ConvLilithYGamma","Dialogo","Sientes cada nervio, cada pensamiento de mierda. ¿No trajiste nada para el viaje?","You feel every nerve, every shitty thought. You didn't bring anything for the trip?"
"t_47ae2cd9b2d3","SampleScene:Bus/ConvLilithYGamma","Opcion de dialogo","A) No tengo nada. Y aunque lo tuviera, no te lo daría. Se supone que esto es para limpiarnos","A) I've got nothing. And even if I did, I wouldn't give it to you. This is supposed to clean us up"
"t_61fe61a67864","SampleScene:Bus/ConvLilithYGamma","Opcion de dialogo","B) Tranquila. En ese lugar habrá algo. Seguro… En todos los sitios encuentras algo, aunque sean hierbas medicinales. Aguanta.","B) Easy. There'll be something in that place. For sure… You find something everywhere, even if it's just medicinal herbs. Hang on."
"t_105e4cd56acd","SampleScene:Bus/ConvLilithYGamma","Opcion de dialogo","C) Yo.. También lo estoy deseando, si alguna encuentra algo lo compartimos con la otra ¿Trato?","C) I.. want it just as bad, if either of us finds something we share it with the other. Deal?"
"t_b001ce4eb4ce","SampleScene:Bus/ConvLilithYGamma","Dialogo","¿Limpiarnos? Ja, Ingenua… La gente como nosotros no se limpia, Solo se cambia una mierda por otra. Espero que allí al menos den algo fuerte","Clean us up? Ha, so naive… People like us don't get clean, We just swap one shit for another. I just hope they hand out something strong up there"
"t_0e34d7d174b8","SampleScene:Bus/ConvLilithYGamma","Dialogo","¿Crees? Si… si, deben tener algo. Alpha parece saber de nosotros, debe tener algo bueno, algo que nos ayude.","You think? Yeah… yeah, they must have something. Alpha seems to know about us, he must have something good, something that helps."
"t_7d4f3c998cac","SampleScene:Bus/ConvLilithYGamma","Dialogo","¿Ves? Tú también lo sientes. Este vacío... es insoportable.","See? You feel it too. This emptiness... it's unbearable."
"t_f608a8b21352","SampleScene:Bus/ConvLilithYGamma","Dialogo","Prometamos que si hay algo allí, lo probamos juntas. No para volver a caer, solo... para pasar el día.","Let's promise that if there's something there, we try it together. Not to fall back in, just... to get through the day."
"t_83b60dd6ce49","SampleScene:Bus/ConvNPCAyB","Dialogo","No puedo creer que le vendiera mi guitarra por este boleto. Era lo último que me quedaba de mi abuelo.","I can't believe I sold him my guitar for this ticket. It was the last thing I had left from my grandfather."
"t_6a6d7cf41871","SampleScene:Bus/ConvNPCAyB","Dialogo","Callate, hijo. Lo material vuelve. El alma, no. A mí me echaron de mi propia casa... mis hijos...","Hush, son. Things come back. The soul doesn't. They threw me out of my own house... my own children..."
"t_02ee4a1b87e7","SampleScene:Bus/ConvNPCAyB","Dialogo","prefirieron un asilo a cuidarme. Alpha me dio una mano cuando nadie más lo hizo.","they'd rather put me in a nursing home than take care of me. Alpha gave me a hand when nobody else would."
"t_ef925a864f64","SampleScene:Bus/ConvNPCAyB","Dialogo","Sí, pero... ¿y esto será seguro? Lo he pensado.","Yeah, but... is this really safe? I've been thinking about it."
"t_179bf6450202","SampleScene:Bus/ConvNPCAyB","Dialogo","¿Y qué? ¿Crees que lo que dejamos atrás era mejor?","So what? You think what we left behind was any better?"
"t_0a0941ae1d7e","SampleScene:Bus/ConvNPCAyB","Dialogo","Un lugar con un techo y comida caliente suena mejor que la libertad en un parque frío.","A place with a roof and hot food sounds better than freedom in a cold park."
"t_6fd2dd64d555","SampleScene:Bus/ConvNPCAyB","Nombre de hablante","NPC A","NPC A"
"t_189cadff6800","SampleScene:Bus/ConvNPCAyB","Nombre de hablante","NPC B","NPC B"
"t_0f343edebcd3","SampleScene:Bus/ConvNPCCyD","Dialogo","Alfa dijo que el aire allá es tan puro que te limpia los pulmones... y el espíritu. Qué encontraremos la verdad.","Alpha said the air up there is so pure it cleans out your lungs... and your spirit. That we'll find the truth."
"t_ac2f1172de38","SampleScene:Bus/ConvNPCCyD","Dialogo","Sí, hermano. Me dijo que el trabajo honrado purifica.","Yes, brother. He told me honest work purifies."
"t_df1dad700cc3","SampleScene:Bus/ConvNPCCyD","Dialogo","Estoy listo para trabajar. Estoy listo para dar todo por la Familia. Allá no seré un don Nadie. Allá importaré.","I'm ready to work. I'm ready to give everything for the Family. Up there I won't be a nobody. Up there I'll matter."
"t_17037d486f41","SampleScene:Bus/ConvNPCCyD","Nombre de hablante","NPC C","NPC C"
"t_b4bb5cabdca4","SampleScene:Bus/ConvNPCCyD","Nombre de hablante","NPC D","NPC D"
"t_f6433083363e","SampleScene:Bus/GammaSeVa","Dialogo","Bueno, allá vamos. A nuestro ""nuevo comienzo"". Reza para que lo que sea que den allí, valga la pena.","Well, here we go. To our ""fresh start"". Pray that whatever they hand out there is worth it."
"t_b0584393b07d","SampleScene:Bus/InicioBus","Dialogo","(Esta va a ser mi compañera durante el viaje? Espero que no sea demasiado largo…)","(Is this going to be my seatmate for the whole trip? I hope it's not too long…)"
"t_8d9d264a02cc","SampleScene:Bus/Nota6","Nota de lore","Fecha: 14 de Noviembre de 2023 

Mamá: 

Sé que te dolerá despertarte y ver que me he llevado mis cosas, pero ya no podía seguir siendo una carga para ti. No después de lo de papá. Trabajar doce horas al día para que los intereses de la deuda sigan subiendo me estaba matando por dentro. 

Ayer conocí a alguien en la cafetería de la terminal. Se llama Alpha. Mamá, nunca me habían mirado con tanta compasión. Me escuchó sin juzgarme y me ofreció una salida. Me habló de una comuna en el norte, un lugar libre de la presión del dinero donde todos cuidan de todos.

Él mismo me ha pagado el billete de este autobús. Su hospitalidad es increíble, me ha dado ropa limpia y me ha asegurado que allí curarán el dolor de mi cabeza con remedios de la tierra. Voy a estar bien, por fin voy a empezar de cero. No me busques. Te quiero. 

— Arven. 


...","Date: November 14, 2023 

Mom: 

I know it will hurt to wake up and see that I have taken my things, but I could not go on being a burden to you. Not after what happened with Dad. Working twelve hours a day just so the interest on the debt keeps climbing was killing me inside. 

Yesterday I met someone at the coffee shop in the terminal. His name is Alpha. Mom, nobody has ever looked at me with so much compassion. He listened to me without judging me and offered me a way out. He told me about a commune up north, a place free of the pressure of money where everyone takes care of everyone.

He paid for this bus ticket himself. His hospitality is incredible, he gave me clean clothes and assured me that up there they will heal the pain in my head with remedies from the earth. I am going to be all right, I am finally going to start from zero. Do not look for me. I love you. 

— Arven. 


..."
"t_c3142411add2","SampleScene:Bus/Nota7","Nota de lore","REGISTRO DE TRASLADOS  

Lote de Marzo (2023): 11 pasajeros ingresados. 

- Parada del Pueblo: 4 sujetos. 
- Eliminación de cuerpos: 7 sujetos.  

Lote de Septiembre (2023): 14 pasajeros ingresados. 

- Parada del Pueblo: 6 sujetos. 
- Eliminación de cuerpos: 8 sujetos. 

Lote de Febrero (2024): 8 pasajeros ingresados. 

- Parada del Pueblo: 3  
- Eliminación de cuerpos: 5 sujetos 


...","TRANSFER LOG  

March Batch (2023): 11 passengers admitted. 

- Town Stop: 4 subjects. 
- Body disposal: 7 subjects.  

September Batch (2023): 14 passengers admitted. 

- Town Stop: 6 subjects. 
- Body disposal: 8 subjects. 

February Batch (2024): 8 passengers admitted. 

- Town Stop: 3  
- Body disposal: 5 subjects 


..."
"t_795573048755","SampleScene:Bus/UltimoDialogoAutobusLilith","Dialogo","Menuda impresión me estoy llevando de este sitio, y ni siquiera he salido del bus…","What a first impression this place is making, and I haven't even gotten off the bus…"
"t_0aa5cd847a90","SampleScene:Bus/UltimoDialogoAutobusLilith","Dialogo","¡VENGA BAJAD TODOS YA POR FAVOR!","COME ON, EVERYBODY OFF, PLEASE!"
"t_3ca35e1101f0_8ab9","SampleScene:Canvas/BacklogPanel/Header/Explicación","Etiqueta de interfaz","Pulsa en cada personaje para ver las conversaciones que has tenido con ellos durante el juego.","Click on a character to read the conversations you have had with them."
"t_f3e573404df4_804f","SampleScene:Canvas/BacklogPanel/Header/TitleText","Etiqueta de interfaz","BACKLOG","BACKLOG"
"t_adf74ae46589_ed73","SampleScene:Canvas/ChoicePanel/ChoicesContainer/ChoiceButton (1)/Text (TMP)","Etiqueta de interfaz","RESPUESTA","ANSWER"
"t_adf74ae46589_437e","SampleScene:Canvas/ChoicePanel/ChoicesContainer/ChoiceButton/Text (TMP)","Etiqueta de interfaz","RESPUESTA","ANSWER"
"t_adf74ae46589_6df8","SampleScene:Canvas/ChoicePanel/ChoicesContainer/ChoiceButton/Text (TMP)","Etiqueta de interfaz","RESPUESTA","ANSWER"
"t_aba2d75cf84c_da7f","SampleScene:Canvas/MenuDePausa/Panel/Opciones/Text (TMP)","Etiqueta de interfaz","AJUSTES","SETTINGS"
"t_5b5bc18006fb_5234","SampleScene:Canvas/MenuDePausa/Panel/Reanudar/Text (TMP)","Etiqueta de interfaz","REANUDAR","RESUME"
"t_c81ad1fb72c1_18a1","SampleScene:Canvas/MenuDePausa/Panel/Salir/Text (TMP)","Etiqueta de interfaz","SALIR","QUIT"
"t_1058f2bd50fa_cb41","SampleScene:Canvas/NotasPanel/FondoNegroOverlay/Text (TMP)","Etiqueta de interfaz","Pulsa F para completar o salir","Press F to complete or exit"
"t_a0509b778062_99a5","SampleScene:Canvas/PanelAvisoPadre/PanelAviso/No/Text (TMP)","Etiqueta de interfaz","NO","NO"
"t_83a9dc0a7ea2_efdc","SampleScene:Canvas/PanelAvisoPadre/PanelAviso/Si/Text (TMP)","Etiqueta de interfaz","SÍ","YES"
"t_8fce3f19c16c_8b8e","SampleScene:Canvas/PanelAvisoPadre/PanelAviso/Texto Aviso 1","Etiqueta de interfaz","¿SEGURO QUE QUIERES SALIR?","ARE YOU SURE YOU WANT TO QUIT?"
"t_afd2373de0c2_0845","SampleScene:Canvas/PanelAvisoPadre/PanelAviso/Texto Aviso 2","Etiqueta de interfaz","LA PARTIDA SE GUARDARÁ AUTOMÁTICAMENTE","THE GAME WILL SAVE AUTOMATICALLY"
"t_c4d009e25600_7c3c","SampleScene:Canvas/Volumen/TextoVolumen","Etiqueta de interfaz","VOLUMEN","VOLUME"
"t_84a715a785a9_eeff","SampleScene:Canvas/Volumen/TextoVolver","Etiqueta de interfaz","Volver","Back"
"t_41333e7ee42b","SampleScene:Casas/LeerNotaLilith","Dialogo","¿No me lo podían decir directamente? En fin… a ver que pone en la nota","They couldn't just tell me to my face? Anyway… let's see what the note says"
"t_4451f7427cce","SampleScene:Casas/LeerNotaLilith","Dialogo","*Cuatro guardianes velan tu descanso,
bajo sus sombras descansa lo que necesitas.","*Four guardians watch over your rest,
beneath their shadows lies what you need."
"t_dc5f5b2b03c5","SampleScene:Casas/LeerNotaLilith","Dialogo","El primero susurra en el viento callado,
la Hoja conoce senderos olvidados.","The first whispers in the silent wind,
the Leaf knows forgotten paths."
"t_27bf0f20c38a","SampleScene:Casas/LeerNotaLilith","Dialogo","Luego busca el fuego que nunca muere,
la Llama que quema lo impuro.","Then seek the fire that never dies,
the Flame that burns the impure."
"t_60e2837f6115","SampleScene:Casas/LeerNotaLilith","Dialogo","En tercer lugar mira donde nace el día,
allí el Sol despierta y todo ilumina.","Third, look where the day is born,
there the Sun awakens and lights everything."
"t_7d622c67662e","SampleScene:Casas/LeerNotaLilith","Dialogo","Y al final, donde la noche abraza el mundo,
la Luna vigila el destino profundo.","And last, where the night embraces the world,
the Moon watches over the deep fate."
"t_85e464a59b47","SampleScene:Casas/LeerNotaLilith","Dialogo","Solo si sigues el orden,
lo que necesitas será revelado.","Only if you follow the order,
will what you need be revealed."
"t_2bcdfee2c5c0","SampleScene:Casas/LeerNotaLilith","Dialogo","Bueno, miraré por aquí a ver que encuentro","Well, I'll look around here and see what I find"
"t_47bcdbb4d7d7","SampleScene:Casas/LilithObtieneLlave","Dialogo","Vaya, tienen una manera curiosa de dar la bienvenida a sus invitados.","Well, they have a curious way of welcoming their guests."
"t_69a2db573b02","SampleScene:Casas/LilithObtieneLlave","Dialogo","Que curioso que esta llave tenga un símbolo de una hoja","Funny that this key has a leaf symbol on it"
"t_d49764abd22b","SampleScene:Casas/LilithYGammaDespuesDeAlpha","Dialogo","Anda Lilith, ¿qué tal vas con la gente?","Hey Lilith, how's it going with everyone?"
"t_886b28a09eba","SampleScene:Casas/LilithYGammaDespuesDeAlpha","Dialogo","La verdad que bastante bien, todos me tratan genial. Es como la sensación de sentirse en casa. ¿Y tú?","Pretty well, honestly, everyone treats me great. It's like that feeling of being home. And you?"
"t_a2c7efead339","SampleScene:Casas/LilithYGammaDespuesDeAlpha","Dialogo","Todavía me estoy adaptando a esto, eso sí,","I'm still getting used to this, though,"
"t_a11f2bb2d927","SampleScene:Casas/LilithYGammaDespuesDeAlpha","Dialogo","he escuchado rumores de un néctar que te quita el mono y ahora mismo estoy con mucha necesidad.","I've heard rumors of some Nectar that kills the withdrawal and right now I need it bad."
"t_2d9f609c4fed","SampleScene:Casas/LilithYGammaDespuesDeAlpha","Dialogo","Puf, necesito ir a probarlo, estoy que no me mantengo en pie.","Ugh, I need to go try it, I can barely stay on my feet."
"t_62712f1540d8","SampleScene:Casas/NiraNota","Dialogo","¿Tú eres… uno de los nuevos? Sí, claro que lo eres.","Are you… one of the new ones? Yes, of course you are."
"t_b3b6c1d26cf0","SampleScene:Casas/NiraNota","Dialogo","Me dijeron que te diera esto. Creo que te ayudará a… encontrar tu casa.","They told me to give you this. I think it'll help you… find your house."
"t_849e6aef5d6f","SampleScene:Casas/NiraNota","Dialogo","O… ¿era la mía?","Or… was it mine?"
"t_d27178174bdb","SampleScene:Casas/NiraNota","Dialogo","No importa. Es un placer conocerte, soy Nira… hoy, al menos.","Doesn't matter. A pleasure to meet you, I'm Nira… today, at least."
"t_e3d358819e62","SampleScene:Casas/NiraNota","Dialogo","Recibes ""Nota""","You receive ""Note"""
"t_cecd801a8faa_654e","SampleScene:Casas/Nota13","Nota de lore","Alpha, ya no puedo seguir fingiendo. No puedo ponerme la túnica por las mañanas y sonreír en el comedor mientras sé perfectamente lo que vuestros guardianes le hacen a los que intentan cruzar la valla por la noche. 

La llegada de la chica, de Lilith, ha sido el detonante. Cada vez que la miro arrastrar los pies por la plaza con esa mirada perdida, veo a mi difunta hija antes de morir. Ella también estaba rota, también buscaba un milagro, y sé exactamente lo que le espera aquí. 

Lilith se merece algo mejor que esta jaula de madera y mentiras poéticas. Se merece una vida de verdad, no convertirse en el abono de tu maldito culto. Me voy esta noche. No intentéis detenerme, me llevo los mapas del sector sur y...","Alpha, I cannot keep pretending. I cannot put on the robe in the morning and smile in the dining hall while I know perfectly well what your guardians do to the ones who try to cross the fence at night. 

The arrival of the girl, of Lilith, was what set this off. Every time I watch her drag her feet across the square with that lost look, I see my late daughter before she died. She was broken too, she was looking for a miracle too, and I know exactly what is waiting for her here. 

Lilith deserves better than this cage of wood and poetic lies. She deserves a real life, not to end up as fertilizer for your damn cult. I am leaving tonight. Do not try to stop me, I am taking the maps of the south sector and..."
"t_b71b2bf91704","SampleScene:Casas/TodaviaNOCasas1","Dialogo","Esta zona se desbloqueará más tarde.","This area will unlock later."
"t_b71b2bf91704_98e2","SampleScene:Casas/TodaviaNOCasas2","Dialogo","Esta zona se desbloqueará más tarde.","This area will unlock later."
"t_4bfc44c9f799","SampleScene:CentroDelJardin/AlphaLilithDespuesDeDerrumbamiento","Dialogo","Lilith... La muerte es parte de la vida, incluso en nuestro paraíso.","Lilith... Death is part of life, even in our paradise."
"t_3cab7649324c","SampleScene:CentroDelJardin/AlphaLilithDespuesDeDerrumbamiento","Dialogo","Pero a veces, la pérdida de uno... alimenta el crecimiento de otro.","But sometimes, the loss of one... feeds the growth of another."
"t_7d15c7784dc8","SampleScene:CentroDelJardin/AlphaLilithDespuesDeDerrumbamiento","Dialogo","¿Te acuerdas de lo que te dije que tenías que plantar?...","Do you remember what I told you to plant?..."
"t_a3460b5586e7","SampleScene:CentroDelJardin/AlphaLilithDespuesDeDerrumbamiento","Dialogo","Vuelve a ese sitio, puede que sientas un impulso de visitarlo ahora. Escucha a tu interior.","Go back to that spot, you may feel an urge to visit it now. Listen to what's inside you."
"t_5ed3d98e2a79","SampleScene:CentroDelJardin/AplhaLlilithCentroJardin","Dialogo","Lilith. Ver tus pies en esta tierra sagrada es un buen presagio. Para que eches raíces verdaderas, quiero darte un par de cosas.","Lilith. Seeing your feet on this sacred ground is a good omen. So that you may put down true roots, I want to give you a couple of things."
"t_777609e8f49c","SampleScene:CentroDelJardin/AplhaLlilithCentroJardin","Dialogo","Guarda esta flor. Es un símbolo de la fe que la Familia deposita en ti.","Keep this flower. It is a symbol of the faith the Family places in you."
"t_4eb36e243486","SampleScene:CentroDelJardin/AplhaLlilithCentroJardin","Dialogo","Has obtenido ""La Flor de la Hespérides""","You have obtained ""The Hesperides Flower"""
"t_116353b19075","SampleScene:CentroDelJardin/AplhaLlilithCentroJardin","Dialogo","También quiero que plantes esta semilla en un lugar privado, donde sólo tú la veas crecer.","I also want you to plant this seed somewhere private, where only you will see it grow."
"t_817aec83f140","SampleScene:CentroDelJardin/AplhaLlilithCentroJardin","Dialogo","Será el reflejo de tu propio crecimiento dentro de nosotros.","It will be the reflection of your own growth among us."
"t_c416860c4346","SampleScene:CentroDelJardin/AplhaLlilithCentroJardin","Dialogo","Cuando llegues al sitio sabrás que la debes poner allí, es un sentimiento muy fuerte. Deberás buscarlo por tu cuenta","When you reach the place you will know it belongs there, it is a very strong feeling. You will have to find it on your own"
"t_aa051831647e","SampleScene:CentroDelJardin/AplhaLlilithCentroJardin","Dialogo","Gracias por tu amabilidad, Alpha.","Thank you for your kindness, Alpha."
"t_eaaf3b9d6ef0","SampleScene:CentroDelJardin/AplhaLlilithCentroJardin","Dialogo","Con lo que llevo ahora estoy muy contenta, es la primera vez que siento que me tratan bien.","I'm very happy with what I have now, it's the first time I've felt treated well."
"t_5da573ed58af","SampleScene:CentroDelJardin/AplhaLlilithCentroJardin","Dialogo","Cualquier cosa que necesites, no dudes en decírmelo.","Anything you need, don't hesitate to tell me."
"t_202ab7c8f71b","SampleScene:CentroDelJardin/MisionBuscarArbol","Objetivo de mision","ENCUENTRA LA ZONA DEL ÁRBOL","FIND THE AREA AROUND THE TREE"
"t_1564841792a9","SampleScene:CentroDelJardin/MisionVuelveAlSitio","Objetivo de mision","VUELVE AL SITIO DEL ACCIDENTE PARA RECOGER LA CHAPA","GO BACK TO THE ACCIDENT SITE TO PICK UP THE ID BADGE"
"t_c3fa24968d21","SampleScene:CentroDelJardin/Nota10","Nota de lore","Fecha: 4 de Septiembre de 2024 

Las raíces de los tomates se están volviendo demasiado densas. Si dejas que una planta chupe demasiada agua del pozo, las demás se marchitan. Alpha vino hoy a decirme lo mismo sobre la gente de la comuna. Dice que hay 'ramas enfermas' que absorben la energía del grupo y que es necesario podarlas para que el resto florezca. 

Da miedo ver cómo trabaja Delta cuando Alpha le da la orden. No grita, no se enfada; simplemente mira su libreta y hace lo que tenga que hacer. Cuando pregunté por el chico  nuevo que faltaba, Delta me miró de reojo y me dijo que había 'ascendido al Jardín Blanco', que su utilidad aquí había terminado y que ahora descansa en paz bajo el cuidado del Árbol. 

Cada vez que planto una semilla nueva, me pregunto cuánta gente hay enterrada de verdad bajo este abono.


...","Date: September 4, 2024 

The tomato roots are getting too dense. If you let one plant drink too much water from the well, the rest wither. Alpha came by today to tell me the same thing about the people of the commune. He says there are 'sick branches' that absorb the energy of the group and that they have to be pruned so the rest can flower. 

It is frightening to watch Delta work once Alpha gives the order. No shouting, no anger; just a look down at the notebook and then whatever has to be done. When I asked about the new boy who was missing, Delta glanced at me sideways and said he had 'ascended to the White Garden,' that his usefulness here was finished and that he now rests in peace under the care of the Tree. 

Every time I plant a new seed, I wonder how many people are really buried under this compost.


..."
"t_b71b2bf91704_c483","SampleScene:CentroDelJardin/TodaviaNOCentroJArdin","Dialogo","Esta zona se desbloqueará más tarde.","This area will unlock later."
"t_f7e1b9c4fa0e","SampleScene:Ciudad1/MaryYLilith","Dialogo","¡Ey, Lilith! ¿Cómo lo llevas? Déjame adivinar… ¿el casero volvió a pasar a ofrecerte trabajar para él?","Hey, Lilith! How are you holding up? Let me guess… the landlord came by again to offer you work for him?"
"t_5be54941a63e","SampleScene:Ciudad1/MaryYLilith","Dialogo","Te diré algo, paga bastante bien, pero… bueno, ya sabes, es un trabajo pesado. Jajaja","I'll tell you something, it pays pretty well, but… well, you know, it's hard work. Hahaha"
"t_acd806d7993a","SampleScene:Ciudad1/MaryYLilith","Dialogo","Por cierto, esta noche voy al bar nuevo de la esquina. Si te apetece despejarte un rato, nos vemos allí.","By the way, tonight I'm going to the new bar on the corner. If you feel like clearing your head, I'll see you there."
"t_13b8d65e4c95","SampleScene:Ciudad1/MaryYLilith","Dialogo","Aquí tienes una nota con las indicaciones para llegar, no vaya a ser que te pierdas.","Here's a note with directions to get there, just in case you get lost."
"t_8294deb64fac","SampleScene:Ciudad1/MaryYLilith","Dialogo","Gracias… quizá me pase. Al fin y al cabo, no tengo nada mejor que hacer.","Thanks… maybe I'll stop by. It's not like I have anything better to do."
"t_85f6612a350f","SampleScene:Ciudad1/Nota4","Nota de lore","EL VOCERO DE LA CIUDAD — Edición de la Mañana
 
FECHA: Viernes, 11 de Octubre de 2024
 
MISTERIO EN EL DISTRITO SUR: SE ELEVA A SEIS EL NÚMERO DE JÓVENES DESAPARECIDOS ESTE MES 

La policía local continúa desconcertada ante la total ausencia de pistas. Las víctimas, todas de entre 20 y 26 años, parecen haberse marchado por voluntad propia sin dejar rastros de violencia.
 

Por: J. Martínez.

Lo que al principio se consideraron casos aislados de fugas voluntarias ya es tratado por la inspectora jefe como una prioridad absoluta. El patrón se repite con una precisión alarmante: los pisos de los desaparecidos se encuentran intactos, con las llaves puestas por dentro, luces encendidas y, en dos de los casos, la cena aún servida en la mesa.

""No hay cerraduras forzadas, ni señales de lucha. Es como si simplemente hubieran escuchado una llamada en mitad de la noche, hubieran abierto la puerta y salido a la calle para no volver"", declaran fuentes de la investigación. 


...","THE CITY VOICE — Morning Edition
 
DATE: Friday, October 11, 2024
 
MYSTERY IN THE SOUTH DISTRICT: NUMBER OF YOUNG PEOPLE MISSING THIS MONTH RISES TO SIX 

Local police remain baffled by the total absence of leads. The victims, all between 20 and 26 years old, appear to have left of their own accord without leaving any trace of violence.
 

By: J. Martínez.

What were at first considered isolated cases of voluntary disappearance are now being treated by the chief inspector as an absolute priority. The pattern repeats with alarming precision: the apartments of the missing are found intact, the keys still in the locks on the inside, the lights on and, in two of the cases, dinner still served on the table.

""There are no forced locks, no signs of a struggle. It is as if they had simply heard a call in the middle of the night, opened the door and walked out into the street never to return,"" sources close to the investigation say. 


..."
"t_87a77c5a8c0a","SampleScene:Ciudad1/PeterYLilith","Dialogo","Estoy harto del curro, tío. Cada día es lo mismo. Si no renuncio pronto, me van a encontrar muerto en esa oficina.","I'm sick of the job, man. Every day is the same. If I don't quit soon, they'll find me dead in that office."
"t_c1d57c4d6300","SampleScene:Ciudad1/PeterYLilith","Dialogo","Ey, Lilith… tengo de nuevo el producto que te gusta. Ya sabes, el de siempre.","Hey, Lilith… I've got that product you like again. You know, the usual."
"t_e1af51667167","SampleScene:Ciudad1/PeterYLilith","Dialogo","Cinco dólares el gramo. No te preocupes, es de buena calidad.","Five bucks a gram. Don't worry, it's good quality."
"t_a8e1ad4a6ffd","SampleScene:Ciudad1/PeterYLilith","Dialogo","¿Cinco dólares? Oye, recuerda que la última vez te cubrí las espaldas cuando casi te pilla el casero en el pasillo.","Five bucks? Hey, remember last time I covered for you when the landlord almost caught you in the hallway."
"t_d104ff59de20","SampleScene:Ciudad1/PeterYLilith","Dialogo","Vale, vale, no hace falta que me eches en cara mis deudas.","Okay, okay, no need to throw my debts in my face."
"t_c120726d41b1","SampleScene:Ciudad1/PeterYLilith","Dialogo","Toma, esta es por cuenta de la casa. Pero que no se te suba a la cabeza, ¿eh?","Here, this one's on the house. But don't let it go to your head, all right?"
"t_bfc8f481e9fe","SampleScene:Ciudad1/PeterYLilith","Dialogo","(obtienes bolsa de Nieve Negra)","(you obtain a bag of Black Snow)"
"t_64ca93f83bb2","SampleScene:Ciudad1/PeterYLilith","Nombre de hablante","Peter","Peter"
"t_5d6282872f3b","SampleScene:Ciudad2/Cairen/ConversacionTraperoConNieve","Dialogo","¿Qué haces aquí fuera empapada? No me digas que el grandote de la puerta no te deja entrar… jajaja","What are you doing out here soaking wet? Don't tell me the big guy on the door won't let you in… hahaha"
"t_0e1794c2ecc3","SampleScene:Ciudad2/Cairen/ConversacionTraperoConNieve","Dialogo","Si quieres, puedo montar un escándalo.","If you want, I can make a scene."
"t_a2da69a4448f","SampleScene:Ciudad2/Cairen/ConversacionTraperoConNieve","Dialogo","Ya sabes, gritar, fingir que me desmayo o romper una botella… lo que elijas.","You know: scream, fake a fainting spell, smash a bottle… your pick."
"t_22cef6d3fa48","SampleScene:Ciudad2/Cairen/ConversacionTraperoConNieve","Dialogo","Pero eso sí, no trabajo gratis. ¿No tendrás por ahí algo de ese nuevo producto que te deja volando?","But I don't work for free. You wouldn't happen to have any of that new stuff that gets you flying?"
"t_bb83c697d519","SampleScene:Ciudad2/Cairen/ConversacionTraperoConNieve","Dialogo","Agh… En fin, quería quedarme eso para mí pero esta noche prefiero entretenerme de otra manera.","Agh… Anyway, I wanted to keep that for myself but tonight I'd rather entertain myself another way."
"t_262321039627","SampleScene:Ciudad2/Cairen/ConversacionTraperoConNieve","Dialogo","Supongo que no me quedará otra opción.","I guess I won't have any other choice."
"t_56947e42f124","SampleScene:Ciudad2/Cairen/ConversacionTraperoConNieve","Dialogo","(Ya no tienes Nieve Negra)","(You no longer have Black Snow)"
"t_8a7d12154175","SampleScene:Ciudad2/Cairen/ConversacionTraperoConNieve","Dialogo","Perfecto, cruza a la otra acera y verás la magia.","Perfect, cross to the other sidewalk and watch the magic."
"t_5d6282872f3b_0304","SampleScene:Ciudad2/Cairen/ConversacionTraperoSinNieve","Dialogo","¿Qué haces aquí fuera empapada? No me digas que el grandote de la puerta no te deja entrar… jajaja","What are you doing out here soaking wet? Don't tell me the big guy on the door won't let you in… hahaha"
"t_0e1794c2ecc3_68ff","SampleScene:Ciudad2/Cairen/ConversacionTraperoSinNieve","Dialogo","Si quieres, puedo montar un escándalo.","If you want, I can make a scene."
"t_a2da69a4448f_93b2","SampleScene:Ciudad2/Cairen/ConversacionTraperoSinNieve","Dialogo","Ya sabes, gritar, fingir que me desmayo o romper una botella… lo que elijas.","You know: scream, fake a fainting spell, smash a bottle… your pick."
"t_22cef6d3fa48_20db","SampleScene:Ciudad2/Cairen/ConversacionTraperoSinNieve","Dialogo","Pero eso sí, no trabajo gratis. ¿No tendrás por ahí algo de ese nuevo producto que te deja volando?","But I don't work for free. You wouldn't happen to have any of that new stuff that gets you flying?"
"t_751508cce773","SampleScene:Ciudad2/Cairen/ConversacionTraperoSinNieve","Dialogo","Pues no, no tengo nada de eso que tu dices que te deja volando, si no ya me lo hubiese tomado yo… jajaja","Nope, I've got nothing that gets anyone flying. If I did I'd have taken it myself already… hahaha"
"t_229af88c28b6","SampleScene:Ciudad2/Cairen/ConversacionTraperoSinNieve","Dialogo","Venga va, por unos 5 dólares monto un escándalo y me llevo al segurata.","Come on, for five bucks I'll make a scene and pull the bouncer away."
"t_13613d7fd10e","SampleScene:Ciudad2/Cairen/ConversacionTraperoSinNieve","Dialogo","Te vendes muy caro, ¿qué te crees, piensas que soy un cajero?","You don't come cheap. What do you take me for, an ATM?"
"t_9771640f2460","SampleScene:Ciudad2/Cairen/ConversacionTraperoSinNieve","Dialogo","Ugh… bueno, me lo quiero pasar bien así que toma.","Ugh… fine, I want to have a good night, so here."
"t_1b65d0869d99","SampleScene:Ciudad2/Cairen/ConversacionTraperoSinNieve","Dialogo","(Entregas 5 dólares)","(You hand over five dollars)"
"t_1f0d9c47fe50","SampleScene:Ciudad2/Cairen/ConversacionTraperoSinNieve","Dialogo","Muy bien, cruza a la otra acera y verás la magia","Perfect. Cross to the other side of the street and watch the magic"
"t_8e5bbd7ab908","SampleScene:Ciudad2/Cairen/TraperoConSegurata","Dialogo","¡Eh, portero! ¡Deja de mirar tan feo, que pareces una estatua! ¡Vamos a bailar todos, esto es una fiesta!","Hey, doorman! Stop scowling like that, you look like a statue! Everybody dance, this is a party!"
"t_c53a7b04a79c","SampleScene:Ciudad2/Cairen/TraperoConSegurata","Dialogo","¡Otra vez tú! Ya te dije que si te veía aquí, te iba a sacar a patadas.","You again! I already told you that if I saw you here, I'd kick you right out."
"t_fee89d1d5ae9","SampleScene:Ciudad2/Cairen/TraperoConSegurata","Dialogo","(Perfecto... es mi oportunidad)","(Perfect... this is my chance)"
"t_618676191fd3","SampleScene:Ciudad2/Cairen/TraperoConSegurata","Nombre de hablante","Portero","Doorman"
"t_83d1b716105f","SampleScene:Ciudad2/ColliderCalle","Dialogo","No puedes pasar hasta parar el tráfico.","You can't cross until you stop the traffic."
"t_191ae8795935","SampleScene:Ciudad2/NPCs/NPCSConversacion","Dialogo","¿Te fijaste en esos semáforos? A veces parece que se encienden solos… como si todavía funcionaran.","Did you notice those traffic lights? Sometimes they seem to come on by themselves… like they still worked."
"t_5c9c768bdbbe","SampleScene:Ciudad2/NPCs/NPCSConversacion","Dialogo","Sí. Lo curioso es que la luz roja parpadea en más semáforos.","Yeah. The strange part is that the red light flashes on more of them."
"t_f0b1b16df8a7","SampleScene:Ciudad2/NPCs/NPCSConversacion","Dialogo","Creo que la vi parpadear dos veces en dos semáforos diferentes.","I think I saw it flash twice, on two different lights."
"t_ad59a8908358","SampleScene:Ciudad2/NPCs/NPCSConversacion","Dialogo","¿Dos veces? Qué raro. Yo conté solo una vez el verde después de eso.","Twice? That's odd. I only counted the green once after that."
"t_78450ad043fd","SampleScene:Ciudad2/NPCs/NPCSConversacion","Dialogo","Antes de que se apagasen vi que el amarillo también se encendió en bastantes semáforos.","Before they went out I saw the yellow come on in quite a few of them too."
"t_4d86df6dac86","SampleScene:Ciudad2/NPCs/NPCSConversacion","Dialogo","Bah, seguro es solo un fallo eléctrico","Bah, it's probably just an electrical fault"
"t_90dae35b5a9d","SampleScene:Ciudad2/NPCs/NPCSConversacion","Dialogo","Sí, además empieza a hacer frío. Ojalá encontremos algo abierto para tomar algo","Yeah, and it's getting cold. I hope we find somewhere open for a drink"
"t_191ae8795935_7b7d","SampleScene:Ciudad2/NPCs/NPCSConversacionRepetitivo","Dialogo","¿Te fijaste en esos semáforos? A veces parece que se encienden solos… como si todavía funcionaran.","Did you notice those traffic lights? Sometimes they seem to come on by themselves… like they still worked."
"t_5c9c768bdbbe_5fce","SampleScene:Ciudad2/NPCs/NPCSConversacionRepetitivo","Dialogo","Sí. Lo curioso es que la luz roja parpadea en más semáforos.","Yeah. The strange part is that the red light flashes on more of them."
"t_f0b1b16df8a7_7f0b","SampleScene:Ciudad2/NPCs/NPCSConversacionRepetitivo","Dialogo","Creo que la vi parpadear dos veces en dos semáforos diferentes.","I think I saw it flash twice, on two different lights."
"t_ad59a8908358_2f5a","SampleScene:Ciudad2/NPCs/NPCSConversacionRepetitivo","Dialogo","¿Dos veces? Qué raro. Yo conté solo una vez el verde después de eso.","Twice? That's odd. I only counted the green once after that."
"t_78450ad043fd_0c3e","SampleScene:Ciudad2/NPCs/NPCSConversacionRepetitivo","Dialogo","Antes de que se apagasen vi que el amarillo también se encendió en bastantes semáforos.","Before they went out I saw the yellow come on in quite a few of them too."
"t_4d86df6dac86_e672","SampleScene:Ciudad2/NPCs/NPCSConversacionRepetitivo","Dialogo","Bah, seguro es solo un fallo eléctrico","Bah, it's probably just an electrical fault"
"t_90dae35b5a9d_afb9","SampleScene:Ciudad2/NPCs/NPCSConversacionRepetitivo","Dialogo","Sí, además empieza a hacer frío. Ojalá encontremos algo abierto para tomar algo","Yeah, and it's getting cold. I hope we find somewhere open for a drink"
"t_31b764c068da","SampleScene:Ciudad2/Nota5","Nota de lore","¿SIENTES QUE TUS HILOS SE ESTÁN ROMPIENDO? 

Centro de Reposo y Renovación ""NUEVO BROTE"" 

¿El peso de la ciudad es demasiado grande para tus hombros? ¿Sientes que caminas por la vida arrastrando promesas rotas, deudas y un vacío en el pecho que nadie comprende? 

No tienes por qué hacerlo sola. 

En Nuevo Brote te ofrecemos un retiro de sanación espiritual y física completamente gratuito, lejos del ruido destructivo de la sociedad. 

- Liberación de cargas: Aprende a cortar los lazos que te atan al sufrimiento. 
- Una verdadera familia: Déjate guiar por nuestro Mentor y encuentra un hogar donde no serás juzgada. 
- El Néctar de la calma: Descubre nuestros compuestos botánicos exclusivos diseñados para apagar la ansiedad de tu mente. 

«Porque no es crueldad cortar lo que ya está quebrado; es un acto de amor darte una tierra nueva donde florecer».


...","DO YOU FEEL YOUR THREADS ARE BREAKING? 

""NEW SPROUT"" Center for Rest and Renewal 

Is the weight of the city too much for your shoulders? Do you feel that you walk through life dragging broken promises, debts and an emptiness in your chest that no one understands? 

You do not have to do it alone. 

At New Sprout we offer you a completely free spiritual and physical healing retreat, far from the destructive noise of society. 

- Release from your burdens: Learn to cut the ties that bind you to suffering. 
- A true family: Let our Mentor guide you and find a home where you will not be judged. 
- The Nectar of calm: Discover our exclusive botanical compounds designed to quiet the anxiety in your mind. 

«Because it is not cruelty to cut away what is already broken; it is an act of love to give you new soil in which to flower».


..."
"t_a68a43e18dce","SampleScene:Ciudad2/Segurata/ConversacionSegurata","Dialogo","Con esas pintas no te voy a dejar pasar.","Looking like that, I'm not letting you in."
"t_d8614db54010","SampleScene:Ciudad2/Segurata/ConversacionSegurata","Dialogo","(Madre mía, que pesado es...)","(God, this guy is such a pain...)"
"t_3a1211bbf356","SampleScene:Comedor/AvisoCairenAphaLilith","Dialogo","Perdona, Lilith. Acabo de ver a Alpha, y me ha pedido que te avise de que te está esperando en la plaza.","Sorry, Lilith. I just saw Alpha, and he asked me to let you know that he's waiting for you in the square."
"t_03193161642d","SampleScene:Comedor/AvisoCairenAphaLilith","Dialogo","No parece nada grave, tranquila, solo quiere hablar contigo un momento.","It doesn't seem serious, don't worry, he just wants to talk to you for a moment."
"t_f96095384c61","SampleScene:Comedor/AvisoCairenAphaLilith","Dialogo","Será mejor que vayas, no le gusta que le hagan esperar, ya sabes cómo es.","You'd better go, he doesn't like being kept waiting, you know how he is."
"t_84bf73f323ea","SampleScene:Comedor/AvisoCairenAphaLilith","Dialogo","Ah… claro. No quiero hacerle esperar. Gracias, Cairen.","Ah… right. I don't want to keep him waiting. Thanks, Cairen."
"t_031407e5d609","SampleScene:Comedor/JorahYLilithComedor (+1)","Nombre de hablante","Jorah","Jorah"
"t_7331a9b222bb","SampleScene:Comedor/JorahYLilithComedor","Dialogo","¡Lilith, qué sorpresa volverte a ver!","Lilith, what a surprise to see you again!"
"t_bfd25e745e85","SampleScene:Comedor/JorahYLilithComedor","Dialogo","Me ha dicho Cairen que te dé un poco más de lo que le doy a los demás. Pues aquí tienes, disfrutalo.","Cairen told me to give you a little more than I give the others. So here you go, enjoy it."
"t_203756a0944a","SampleScene:Comedor/JorahYLilithComedor","Dialogo","Gracias Jorah, no se lo cuentes a nadie ehh","Thanks Jorah, don't tell anyone ehh"
"t_bc7fac9fdd57","SampleScene:Comedor/LilithAmaraComedor","Dialogo","¡Silas nos ha dicho que estás ayudando! Muchas gracias!","Silas told us you're helping out! Thank you so much!"
"t_f5b11b852d35","SampleScene:Comedor/LilithAmaraComedor","Dialogo","Es tan bonito saber que los nuevos ya forman parte de la familia desde el primer día","It's so lovely knowing the new ones are part of the Family from day one"
"t_ae5d1660c06f","SampleScene:Comedor/LilithCairenComedor","Dialogo","Mira Lilith, es esta mesa de aquí.","Look, Lilith, it's this table here."
"t_03e9d7c46cd3","SampleScene:Comedor/LilithCairenComedor","Dialogo","He preparado unas pequeñas indicaciones según las preferencias de cada comensal.","I've written up a few little notes based on each guest's preferences."
"t_55645564379b","SampleScene:Comedor/LilithCairenComedor","Dialogo","¿Y qué es lo que se supone que tengo que hacer?","And what exactly am I supposed to do?"
"t_c665e5c01b03","SampleScene:Comedor/LilithCairenComedor","Dialogo","Nada complicado, te lo prometo.","Nothing complicated, I promise."
"t_e99f195f255c","SampleScene:Comedor/LilithCairenComedor","Dialogo","Solo colócalos donde creas que estarán más cómodos, para que todos puedan disfrutar en paz de la comida.","Just seat them wherever you think they'll be most comfortable, so everyone can enjoy the meal in peace."
"t_616c4e2f0e64","SampleScene:Comedor/LilithCairenComedor","Dialogo","Mientras te encargas de eso, yo aprovecharé para revisar algunos detalles en la cocina.","While you take care of that, I'll go over a few details in the kitchen."
"t_82b1141c12e6","SampleScene:Comedor/LilithCairenComedor","Dialogo","Gracias por tu ayuda, Lilith. Es bonito tener a alguien dispuesto a colaborar desde el primer día.","Thanks for your help, Lilith. It's nice to have someone willing to pitch in from day one."
"t_1692ebadb90f","SampleScene:Comedor/LilithCairenComedor","Dialogo","Has obtenido ""Instrucciones de la mesa""","You have obtained ""Table Instructions"""
"t_352cceceb5ff","SampleScene:Comedor/LilithGammaComedor","Dialogo","El Néctar es una locura... es mejor que cualquier mierda de la ciudad.","The Nectar is insane... it's better than any shit back in the city."
"t_da0e91616f45","SampleScene:Comedor/LilithLinComedor","Dialogo","Sí... aquí... Aquí puedo demostrar mi amor por Amara. Es lo que siempre he querido.","Yes... here... Here I can show my love for Amara. It's what I've always wanted."
"t_5b6002853e19","SampleScene:Comedor/LilithNPC1Comedor","Dialogo","Alfa dijo que con el tiempo, el Néctar te purifica por completo. Que te libera de todos tus demonios, espero que sea verdad.","Alpha said that in time, the Nectar purifies you completely. That it frees you from all your demons, I hope it's true."
"t_7ebf4ba1f239","SampleScene:Comedor/LilithNPC1Comedor","Nombre de hablante","NPC2","NPC2"
"t_b50f84f67f55","SampleScene:Comedor/LilithNPC2Comedor","Dialogo","A mí aún me tiemblan las manos, pero... es el primer día que las voces no me dicen... bueno, nada.","My hands still shake, but... this is the first day the voices haven't told me... well, anything."
"t_dd214be7b0ce","SampleScene:Comedor/LilithNPC2Comedor","Nombre de hablante","NPC1","NPC1"
"t_8402efb98a57","SampleScene:Comedor/LilithSilasComedor","Dialogo","¡Ah, uno de los nuevos! Ven, siéntate con nosotros.","Ah, one of the new ones! Come on, sit with us."
"t_85dac5db9897","SampleScene:Comedor/LilithSilasComedor","Dialogo","¿Lilith verdad?, esos dos son Lin y Amara, no he visto a nadie tan enamorados como ellos.","Lilith, right? Those two are Lin and Amara, I've never seen anyone as in love as them."
"t_0b57d0772810","SampleScene:Comedor/MisionHablarConElCocinero","Objetivo de mision","HABLA CON JORAH EN LA CABAÑA CENTRAL DEL COMEDOR","TALK TO JORAH IN THE CENTRAL CABIN OF THE DINING HALL"
"t_d0bb6122d018","SampleScene:Comedor/MisionPuzzleDeOsos","Objetivo de mision","USA LAS INSTRUCCIONES PARA COMPLETAR EL PUZZLE DE LA MESA PEQUEÑA","USE THE INSTRUCTIONS TO SOLVE THE PUZZLE ON THE SMALL TABLE"
"t_b97c7eec937a","SampleScene:Comedor/MisionVeALaPlazaConAlpha","Objetivo de mision","VE A LA PLAZA A HABLAR CON ALPHA","GO TO THE SQUARE TO TALK TO ALPHA"
"t_ae91e6c70fe7","SampleScene:Derrumbamiento/ConvGlobalDerrumbamiento","Dialogo","¡Calma, hermanos! Mantengan la compostura. Delta se está encargando.","Calm, brothers! Keep your composure. Delta is taking care of it."
"t_96849b94b97f","SampleScene:Derrumbamiento/ConvGlobalDerrumbamiento","Dialogo","Un desafortunado accidente con una roca suelta en el camino...","An unfortunate accident with a loose rock on the path..."
"t_62e4fbc32f6c","SampleScene:Derrumbamiento/ConvGlobalDerrumbamiento","Dialogo","Estamos buscando en la zona para asegurar que no ha pasado nada","We are searching the area to make sure nothing else has happened"
"t_3f27bdba7da7","SampleScene:Derrumbamiento/ConvGlobalDerrumbamiento","Dialogo","Beta ha llamado a Bortis a su lado. No fue en vano; su partida nos recuerda que incluso aquí, debemos ser cuidadosos.","Beta has called Bortis to their side. It was not in vain; his passing reminds us that even here, we must be careful."
"t_71c5842b4d0c","SampleScene:Derrumbamiento/ConvGlobalDerrumbamiento","Dialogo","Que su sacrificio nos una más. Silas se encargará de preparar el cuerpo para el ritual de despedida.","May his sacrifice bind us closer. Silas will prepare the body for the farewell rite."
"t_ca4e7c119e8f","SampleScene:Derrumbamiento/ConvGlobalDerrumbamiento","Dialogo","Por favor, regresen a sus cabañas y recen por su alma.","Please, return to your cabins and pray for his soul."
"t_36537665d5b2","SampleScene:Derrumbamiento/ConvGlobalDerrumbamiento","Dialogo","¡Por todos los santos! Él... él me ayudó a tejer apenas ayer... Qué destino tan cruel.","Good heavens! He... he helped me weave only yesterday... What a cruel fate."
"t_f0cd420723aa","SampleScene:Derrumbamiento/ConvGlobalDerrumbamiento","Nombre de hablante","NPC","NPC"
"t_4c3f92a2d08e","SampleScene:Derrumbamiento/FinMisionIrAVer","Objetivo de mision","COMPRUEBA QUE HA PASADO","FIND OUT WHAT HAPPENED"
"t_548f4a38a94c","SampleScene:Derrumbamiento/MisionFInalActo2","Objetivo de mision","VE AL ÁRBOL","GO TO THE TREE"
"t_f832ab962741","SampleScene:Derrumbamiento/MisionVeAHablarConAlpha","Objetivo de mision","VE AL CENTRO DEL JARDÍN A HABLAR CON ALPHA","GO TO THE CENTRAL GARDEN TO TALK TO ALPHA"
"t_4d9312f32574","SampleScene:Derrumbamiento/RecogerChapa","Dialogo","Su chapita... Se ve tan... trivial así, tirada. Alpha dijo que el árbol... ¿Qué pasará si llevo la chapa?","His ID badge... It looks so... trivial like that, lying there. Alpha said the tree... What'll happen if I take the badge?"
"t_22505e2bc550","SampleScene:Derrumbamiento/RecogerChapa","Dialogo","Has obtenido ""Chapa De Bortis""","You have obtained ""Bortis's ID Badge"""
"t_76c19d82732b","SampleScene:Entrada/HablaBoris","Dialogo","Hermanos y hermanas, bienvenidos a casa. Aquí dejáis atrás el mundo que os dio la espalda.","Brothers and sisters, welcome home. Here you leave behind the world that turned its back on you."
"t_896e66ff87c9","SampleScene:Entrada/HablaBoris","Dialogo","Aquí, vuestro trabajo tiene propósito, y vuestra vida, valor. Sois familia.","Here, your work has purpose, and your life, value. You are family."
"t_e6e66effabdc","SampleScene:Entrada/HablaBoris","Dialogo","Se os proporcionará una vivienda compartida para vosotros. Podéis poneros cómodos cuando entréis.","You will be provided with shared housing. You can make yourselves comfortable once you're inside."
"t_9a03801cdd27","SampleScene:Entrada/HablaBoris","Dialogo","Por favor id yendo a la zona de las casas.","Please start making your way to the houses area."
"t_2f761d71ccb1","SampleScene:Entrada/HablaBoris (+2)","Nombre de hablante","Bortis","Bortis"
"t_76c19d82732b_6e9b","SampleScene:Entrada/HablaBorisRepetitivo","Dialogo","Hermanos y hermanas, bienvenidos a casa. Aquí dejáis atrás el mundo que os dio la espalda.","Brothers and sisters, welcome home. Here you leave behind the world that turned its back on you."
"t_896e66ff87c9_4852","SampleScene:Entrada/HablaBorisRepetitivo","Dialogo","Aquí, vuestro trabajo tiene propósito, y vuestra vida, valor. Sois familia.","Here, your work has purpose, and your life, value. You are family."
"t_e6e66effabdc_3c92","SampleScene:Entrada/HablaBorisRepetitivo","Dialogo","Se os proporcionará una vivienda compartida para vosotros. Podéis poneros cómodos cuando entréis.","You will be provided with shared housing. You can make yourselves comfortable once you're inside."
"t_9a03801cdd27_e945","SampleScene:Entrada/HablaBorisRepetitivo","Dialogo","Por favor id yendo a la zona de las casas.","Please start making your way to the houses area."
"t_b71b2bf91704_fdbc","SampleScene:EntradaJardin/TodaviaNOEntradaJardin","Dialogo","Esta zona se desbloqueará más tarde.","This area will unlock later."
"t_984284765253","SampleScene:Estatuas/MisionPuzzleEstatuas","Objetivo de mision","RESUELVE EL PUZZLE DE LAS ESTATUAS PARA AVANZAR AL CENTRO DEL JARDÍN","SOLVE THE STATUE PUZZLE TO REACH THE CENTRAL GARDEN"
"t_c191733e1b74","SampleScene:Habitacion/CartasNovio","Dialogo","Hace dos días me dejó mi novio.","Two days ago my boyfriend left me."
"t_b691f7fb11b4","SampleScene:Habitacion/CartasNovio","Dialogo","Dice que no tengo metas y que me paso el día en casa… puf, supongo que tiene razón.","He says I have no goals and that I spend all day at home… pff, I guess he's right."
"t_9c945f7d73b7","SampleScene:Habitacion/CartasNovio","Dialogo","Aún recuerdo todas las cartas que nos enviábamos.","I still remember all the letters we used to send each other."
"t_00d8fa32f1f7","SampleScene:Habitacion/Nota2","Nota de lore","DATOS PERSONALES: -> Lilith [Apellido] — [Dirección de la casa actual] — Tel: [Tachado con fuerza] 

EDICACIÓN Y FORMACIÓN: 

- Bachillerato de Artes — Graduada. 
- Curso Superior de Ilustración Digital — (Incompleto). 

EXPERIENCIA LABORAL:  

- Asistente de tienda (Librería Central) — Hace 3 años (Duración: 6 meses).  
- Cajera a tiempo parcial (Supermercado Express) — Hace 2 años (Duración: 2 meses).   
- Desempleo 
- Desempleo 
- Desempleo


...","PERSONAL DETAILS: -> Lilith [Last name] — [Current home address] — Tel: [Scratched out hard] 

EDUCATION AND TRAINING: 

- High School Diploma in Arts — Graduated. 
- Advanced Course in Digital Illustration — (Incomplete). 

WORK EXPERIENCE:  

- Store assistant (Central Bookstore) — 3 years ago (Duration: 6 months).  
- Part-time cashier (Express Supermarket) — 2 years ago (Duration: 2 months).   
- Unemployed 
- Unemployed 
- Unemployed


..."
"t_2483d2af4e8b","SampleScene:HabitacionLilith/DialogoJarronYVelas","Dialogo","Que bien huelen, me recuerdan a cuando las cosas eran más simples. Espero que esto me de una nueva vida.","They smell so good. They remind me of when things were simpler. I hope this place gives me a new life."
"t_1459add8e160","SampleScene:HabitacionLilith/DialogoJarronYVelas","Dialogo","Mi madre solía poner estas flores en mi ventana, decía que espantaban la tristeza.","My mother used to put these flowers on my windowsill. She said they scared the sadness away."
"t_8cc66c672811","SampleScene:HabitacionLilith/DialogoJarronYVelas","Dialogo","Cuantos buenos recuerdos tengo de ella.","So many good memories of her."
"t_80b6cee24bb1","SampleScene:HabitacionLilith/DormirDialogo","Dialogo","Por fin podré dormir un poco. Estoy destrozada.","Finally I can get some sleep. I'm wrecked."
"t_c4d7e25cfd39","SampleScene:HabitacionLilith/Nota8","Nota de lore","ALPHA 

«Cuando los hilos del mundo exterior se enredan hasta ahogarte, el único camino es permitir que caigan. Ven a la tierra donde el invierno no puede tocarte». 

Bienvenida a casa, Lilith. Tu largo viaje por la oscuridad ha terminado. Descansa. Mañana empezaremos a desatar tus nudos. 


...","ALPHA 

«When the threads of the outside world tangle until they choke you, the only path is to let them fall. Come to the land where winter cannot touch you». 

Welcome home, Lilith. Your long journey through the darkness is over. Rest. Tomorrow we will begin to untie your knots. 


..."
"t_12b5521df7f6","SampleScene:HabitacionLilith2/BortisCasalilithDialogo","Dialogo","¿Qué tal tu estancia Lilith? Espero que todo te esté gustando","How's your stay going, Lilith? I hope you're liking everything"
"t_369fcef898bf","SampleScene:HabitacionLilith2/BortisCasalilithDialogo","Dialogo","La verdad que sí… no esperaba tanta amabilidad de vuestra parte","I really am… I didn't expect this much kindness from you all"
"t_0380e67da109","SampleScene:HabitacionLilith2/BortisCasalilithDialogo","Dialogo","Aquí todos somos familia, eso es lo de menos.","Here we're all family, that's the least of it."
"t_16b50dac297b","SampleScene:HabitacionLilith2/BortisCasalilithDialogo","Dialogo","Mira, necesito tu ayuda para que lleves esta cesta a algunos de tus nuevos hermanos y hermanas.","Listen, I need your help taking this basket to some of your new brothers and sisters."
"t_e19af00198ae","SampleScene:HabitacionLilith2/BortisCasalilithDialogo","Dialogo","Pasa por la plaza central, la biblioteca y el jardín.","Stop by the central square, the library and the garden."
"t_5edfc27617f1","SampleScene:HabitacionLilith2/BortisCasalilithDialogo","Dialogo","Piensa que esto te ayudará a integrarte y a conocernos mejor.","Think of it as helping you settle in and get to know us better."
"t_97a3d4a0892d","SampleScene:HabitacionLilith2/BortisCasalilithDialogo","Dialogo","Has obtenido ""Cesta de víveres""","You have obtained ""Basket of Supplies"""
"t_c905dc6c1666","SampleScene:HabitacionLilith2/BortisCasalilithDialogo","Dialogo","Me vendrá bien darme un paseo, ahora mismo voy para allá.","A walk will do me good, I'm heading over there right now."
"t_d4cc4cb0a8dc","SampleScene:HabitacionLilith2/MisionInvestigarPueblo","Objetivo de mision","INVESTIGA EL PUEBLO","EXPLORE THE TOWN"
"t_f5c567b85a3a","SampleScene:HabitacionLilith2/MisionPasan2Dias","Objetivo de mision","PASADOS 2 DÍAS","TWO DAYS LATER"
"t_a60658772d8f_0ca7","SampleScene:NombreZonas/Arbol","Nombre de zona","ÁRBOL","THE TREE"
"t_a308a9a7de9e","SampleScene:NombreZonas/Autobus","Nombre de zona","BUS","BUS"
"t_a5d5c1bba91f","SampleScene:NombreZonas/Bar","Nombre de zona","BAR","BAR"
"t_0b4762406bb1_c3f3","SampleScene:NombreZonas/Biblioteca","Nombre de zona","BIBLIOTECA","LIBRARY"
"t_95891aed43ad","SampleScene:NombreZonas/Calle1","Nombre de zona","CALLE 1","STREET 1"
"t_3f8b27ed2fc7","SampleScene:NombreZonas/Calle2","Nombre de zona","CALLE 2","STREET 2"
"t_ec89de773a8a_2c86","SampleScene:NombreZonas/Casas","Nombre de zona","CASAS","HOUSES"
"t_487b68571a23_5949","SampleScene:NombreZonas/CentroDelJardin","Nombre de zona","CENTRO JARDÍN","CENTRAL GARDEN"
"t_0d0c877de347_cc77","SampleScene:NombreZonas/Comedor","Nombre de zona","COMEDOR","DINING HALL"
"t_b85d914b597c_d96f","SampleScene:NombreZonas/Derrumbamiento","Nombre de zona","DERRUMBAMIENTO","COLLAPSE"
"t_f050bb675869_0534","SampleScene:NombreZonas/EntradaJArdin","Nombre de zona","ENTRADA JARDÍN","GARDEN ENTRANCE"
"t_675b45f78106","SampleScene:NombreZonas/EntradaPueblo","Nombre de zona","ENTRADA PUEBLO","TOWN ENTRANCE"
"t_d672dbd7e924_d8f2","SampleScene:NombreZonas/Estatuas","Nombre de zona","ESTATUAS","STATUES"
"t_e2d6334a86b7_fbac","SampleScene:NombreZonas/HabitacionLilith","Nombre de zona","HABITACIÓN","BEDROOM"
"t_3be6ca69c723_faf7","SampleScene:NombreZonas/Plaza","Nombre de zona","PLAZA","SQUARE"
"t_17837d7da2c4_7b1e","SampleScene:NombreZonas/Pozo","Nombre de zona","POZO","THE WELL"
"t_b3747b28a5ca","SampleScene:Plaza/AlphaDeltaLilithPlaza","Dialogo","Lilith. Justo pensaba en ti. Espero que estés encontrando la paz que mereces en nuestro hogar","Lilith. I was just thinking about you. I hope you're finding the peace you deserve in our home"
"t_971f2178a3ec","SampleScene:Plaza/AlphaDeltaLilithPlaza","Opcion de dialogo","A) Si, la verdad, no recordaba cómo se sentía la tranquilidad.","A) I am, honestly. I'd forgotten what calm even felt like."
"t_079483874da2","SampleScene:Plaza/AlphaDeltaLilithPlaza","Opcion de dialogo","B) Sí, todo el mundo ha sido muy amable.","B) Yes, everyone has been very kind."
"t_e19b61968c6a","SampleScene:Plaza/AlphaDeltaLilithPlaza","Opcion de dialogo","C) Es un lugar muy organizado.","C) It's a very well-organized place."
"t_f8104dbf4d5c","SampleScene:Plaza/AlphaDeltaLilithPlaza","Dialogo","La familia es el pilar de todo.","The Family is the pillar of everything."
"t_4a1c25ce844f","SampleScene:Plaza/AlphaDeltaLilithPlaza","Dialogo","Para que una familia funcione, se necesita orden, por supuesto, pero también estructura.","For a family to work, it needs order, of course, but it also needs structure."
"t_b60d6a3ed94a","SampleScene:Plaza/AlphaDeltaLilithPlaza","Dialogo","Por eso quiero presentarte a Delta.","That's why I want to introduce you to Delta."
"t_0662fe4a15ae","SampleScene:Plaza/AlphaDeltaLilithPlaza","Dialogo","Es mi brazo derecho y el coordinador de todo lo que ves funcionar aquí.","He's my right hand and the coordinator of everything you see running here."
"t_f24e84f88659","SampleScene:Plaza/AlphaDeltaLilithPlaza","Dialogo","Si algún día no me encuentras, búscale a él.","If some day you can't find me, go to him."
"t_422c9234de88","SampleScene:Plaza/AlphaDeltaLilithPlaza","Dialogo","Es la persona más eficiente que conocerás.","He's the most efficient person you will ever meet."
"t_8fd9c21e02f3","SampleScene:Plaza/AlphaDeltaLilithPlaza","Dialogo","Es un procedimiento estándar. Conocer a los nuevos miembros.","It's standard procedure. Meeting the new members."
"t_703ac2d2d556","SampleScene:Plaza/AlphaDeltaLilithPlaza","Dialogo","Evaluar sus... capacidades. Es conveniente para asignarles las tareas donde mejor se adapten.","Assessing their... capabilities. It's useful for assigning them the tasks they best fit."
"t_d8573fed1ef9","SampleScene:Plaza/AlphaDeltaLilithPlaza","Dialogo","No le hagas caso, siempre tan formal.","Don't mind him, always so formal."
"t_e8563b3961b8","SampleScene:Plaza/AlphaDeltaLilithPlaza","Dialogo","Lo que Delta quiere decir es que nos aseguramos de que todos estén cómodos y sean productivos.","What Delta means is that we make sure everyone is comfortable and productive."
"t_30b89ba5b375","SampleScene:Plaza/AlphaDeltaLilithPlaza","Dialogo","Él se encarga de que el huerto tenga herramientas, que las cabañas estén en pie y bueno...","He makes sure the garden has tools, that the cabins stay standing and, well..."
"t_aa4c2f8c550a","SampleScene:Plaza/AlphaDeltaLilithPlaza","Dialogo","de que no haya contratiempos en general.","that there are no setbacks in general."
"t_3022da77722c","SampleScene:Plaza/AlphaDeltaLilithPlaza","Dialogo","La seguridad y el orden son primordiales aquí, lejos del caos del mundo.","Safety and order are paramount here, far from the chaos of the world."
"t_9c4fac2410bc","SampleScene:Plaza/AlphaDeltaLilithPlaza","Dialogo","El orden previene el caos; la disciplina, el sufrimiento. Aquí no hay lugar para accidentes","Order prevents chaos; discipline, suffering. There is no room for accidents here"
"t_9104d10e514e","SampleScene:Plaza/AlphaDeltaLilithPlaza","Dialogo","Exactamente. Delta es nuestro guardián. Un pilar de fuerza.","Exactly. Delta is our guardian. A pillar of strength."
"t_626a4925c6ad","SampleScene:Plaza/AlphaDeltaLilithPlaza","Dialogo","Tú también podrías serlo, Lilith. Tienes esa chispa. Una fuerza que el mundo exterior no supo apreciar.","You could be one too, Lilith. You have that spark. A strength the outside world never knew how to value."
"t_8b6bd1d66acd","SampleScene:Plaza/AlphaDeltaLilithPlaza","Dialogo","¿Ves, Delta? Esta chica tiene potencial ¿No lo crees?","See, Delta? This girl has potential. Don't you think?"
"t_b2236f203edd","SampleScene:Plaza/AlphaDeltaLilithPlaza","Dialogo","El potencial se demuestra con acciones, no con palabras. Ya veremos qué tal lo hace la recién llegada.","Potential is proven with actions, not words. We'll see how the newcomer does."
"t_5f7d445fbb8d","SampleScene:Plaza/AlphaDeltaLilithPlaza","Dialogo","Que no te intimide su... frialdad. Los hombres como Delta son los cimientos sobre los que construimos el paraíso.","Don't let his... coldness intimidate you. Men like Delta are the foundations we build paradise on."
"t_20e8d137ba8a","SampleScene:Plaza/AlphaDeltaLilithPlaza","Dialogo","Son necesarios. Ahora, ve, disfruta del día. Nuestra familia te necesita descansada.","They're necessary. Now, go, enjoy the day. Our Family needs you rested."
"t_014000d4c3ec","SampleScene:Plaza/AlphaDeltaLilithPlaza","Opcion de dialogo","A) Encantada… supongo que tiene mucho trabajo, con todo lo que hay que mantener en orden aquí.","A) Nice to meet you… I imagine you have a lot of work, with everything that has to be kept in order here."
"t_3242a732d554","SampleScene:Plaza/AlphaDeltaLilithPlaza","Opcion de dialogo","B) Un placer, Delta. Espero no ser una molestia.","B) A pleasure, Delta. I hope I won't be a bother."
"t_2c73ea5ee1ce","SampleScene:Plaza/AlphaDeltaLilithPlaza","Opcion de dialogo","C) Parece que aquí cada cosa tiene su sitio. Me alegra que alguien se asegure de eso.","C) Looks like everything has its place here. I'm glad someone makes sure of that."
"t_218bfde81f0a","SampleScene:Plaza/AlphaDeltaLilithPlaza","Dialogo","Nos vemos Lilith.","See you around, Lilith."
"t_a3cd2954a201","SampleScene:Plaza/JorahYLilith","Dialogo","¡Ah, una cara nueva! Siempre es una bendición. ¿Ves? Aquí nadie pasa hambre. La familia cuida de los suyos.","Ah, a new face! Always a blessing. See? Nobody goes hungry here. The Family takes care of its own."
"t_5691631e4c89","SampleScene:Plaza/LilithCairenPlaza","Dialogo","Encantada de conocerte, Lilith","Pleased to meet you, Lilith"
"t_99ff0ad012e7","SampleScene:Plaza/LilithCairenPlaza","Dialogo","Igualmente… ehh…","Likewise… uhh…"
"t_167f2553b94a","SampleScene:Plaza/LilithCairenPlaza","Dialogo","Cairen. Puedes llamarme así, sin formalidades. Es un placer tenerte aquí.","Cairen. You can just call me that, no formalities. It's a pleasure to have you here."
"t_90ad2811e81c","SampleScene:Plaza/LilithCairenPlaza","Dialogo","Mira, justo ha sonado la campana de la comida.","Look, the meal bell just rang."
"t_c44ddcce74e8","SampleScene:Plaza/LilithCairenPlaza","Dialogo","Aquí tenemos la costumbre de comer juntos, ya verás que es más agradable así.","Around here we have the custom of eating together, you'll see it's nicer that way."
"t_2205e11cdb9b","SampleScene:Plaza/LilithCairenPlaza","Dialogo","Y, bueno… si me haces un pequeño favor, puedo conseguirte una doble ración.","And, well… if you do me a small favor, I can get you a double helping."
"t_c8a6d82c4063","SampleScene:Plaza/LilithCairenPlaza","Dialogo","Pero shhh, que quede entre nosotros, ¿sí?","But shhh, keep it between us, okay?"
"t_32034cda8b6d","SampleScene:Plaza/MisionEncuentrateConCairen","Objetivo de mision","ENCUÉNTRATE CON CAIREN EN EL COMEDOR","MEET CAIREN IN THE DINING HALL"
"t_20b84be7612b","SampleScene:Plaza/MisionVeALaBiblioteca","Objetivo de mision","HABLA CON ANORAH EN LA BIBLIOTECA","TALK TO ANORAH IN THE LIBRARY"
"t_c7928ee45a8c","SampleScene:Plaza/Nota9","Nota de lore","CUADRANTE DE OPTIMIZACIÓN DE RECURSOS 
- Supervisor: Delta 

Semana: 42 (Octubre, 2024) 

- Unidad de Carga Simples (Sujeto Bortis): Fatiga estructural evidente. Rendimiento agrícola en descenso (-15%). Mantener en mantenimiento de vallas externas.  

- Unidad de Contención Técnica (Sujeto Daín): En preparación para cirugía del ala médica con Cael. Nivel de sumisión: Absoluto.  

- Unidad de Filtrado Interno (Sujeto Gamma): Reubicada permanentemente. Por ahora no genera utilidad en el cuadrante activo. 

Nueva Semilla (Sujeto Lilith): Potencial de conductividad alto. Evitar tareas de esfuerzo físico por ahora.


...","RESOURCE OPTIMIZATION ROSTER 
- Supervisor: Delta 

Week: 42 (October, 2024) 

- Simple Labor Unit (Subject Bortis): Evident structural fatigue. Agricultural output in decline (-15%). Keep on maintenance of the outer fences.  

- Technical Containment Unit (Subject Daín): In preparation for medical wing surgery with Cael. Submission level: Absolute.  

- Internal Filtering Unit (Subject Gamma): Permanently relocated. Generates no utility in the active roster for now. 

New Seed (Subject Lilith): High conductivity potential. Avoid physical labor tasks for now.


..."
"t_86a1370e80c1","SampleScene:Plaza/TodaviaNOPlaza","Dialogo","Todavía no puedes pasar por aquí. Habla con Alpha primero.","You can't come through here yet. Talk to Alpha first."
"t_e849514e5530","SampleScene:PuzzlePeluches (+4)","Mensaje de puzle","Combinación incorrecta","Wrong combination"
"t_bbe90bf0c26f","SampleScene:PuzzlePlacas/PuzzlePlacas 1 (+3)","Mensaje de puzle","Has completado el orden","You got the order right"
"t_0a31d08eac1b","SampleScene:PuzzleSemaforos/Canvas/TextoInstrucciones","Etiqueta de interfaz","ENCIENDE LA CANTIDAD DE LUCES CORRESPONDIENTE","TURN ON THE MATCHING NUMBER OF LIGHTS"
"t_bba7591c9893","SampleScene:PuzzleSemaforos/GestorSemaforos","Mensaje de puzle","Has completado el puzle de los semáforos","You solved the traffic light puzzle"
"t_2926cf4473e3","SampleScene:Salon/ConvConCuchillo (+3)","Nombre de hablante","Casero","Landlord"
"t_7912113ea433","SampleScene:Salon/ConvConCuchillo","Dialogo","¡Escúchame bien! No vuelvas a amenazarme. Ya te dije que cuando tenga el dinero, lo tendrás.","Listen to me! Don't ever threaten me again. I already told you, when I have the money, you'll have it."
"t_0dd972cb216b","SampleScene:Salon/ConvConCuchillo","Dialogo","Hasta entonces… espera. Y deja de molestarme.","Until then… wait. And stop bothering me."
"t_51ff348d9d30","SampleScene:Salon/ConvConCuchillo","Dialogo","¿Crees que puedes intimidarme?","You think you can intimidate me?"
"t_f2489e85b914","SampleScene:Salon/ConvConCuchillo","Dialogo","Tienes una semana más… si no, te saco de aquí aunque tenga que hacerlo yo mismo.","You've got one more week… if not, I'll drag you out of here myself if I have to."
"t_e34f0c17de07","SampleScene:Salon/ConvConCuchillo","Dialogo","Será suficiente. Y ahora quítate de mi puerta.","That will be enough. Now get away from my door."
"t_56f15609293c","SampleScene:Salon/ConvConCuchillo","Dialogo","(Madre mía... por fin podré salir)","(Good grief... I can finally go out)"
"t_46901c26d1a5","SampleScene:Salon/ConvSinCuchillo","Dialogo","Le he dado otra vuelta al asunto y ¡ESTOY HARTO DE TI!","I've given it another think and I'M SICK OF YOU!"
"t_250258d31571","SampleScene:Salon/ConvSinCuchillo","Dialogo","¡SEGUIRE AQUI HASTA QUE TE VAYAS!","I'LL STAY RIGHT HERE UNTIL YOU LEAVE!"
"t_116c4f055b28","SampleScene:Salon/ConvSinCuchillo","Dialogo","¡Oye! No hace falta que rompas la puerta.","Hey! There's no need to break the door down."
"t_c7893f74a99d","SampleScene:Salon/ConvSinCuchillo","Dialogo","Ya te dije que en cuanto tenga el dinero te voy a pagar. No estoy huyendo de nada.","I already told you, the moment I have the money I'll pay you. I'm not running from anything."
"t_843c497d8257","SampleScene:Salon/ConvSinCuchillo","Dialogo","¡NO VOY A ESPERAR MÁS! …","I'M NOT WAITING ANY LONGER! …"
"t_07a2b66118a8","SampleScene:Salon/ConvSinCuchillo","Dialogo","Claro, eso es si no quieres empezar a trabajar para mí… como las demás.","Sure, that's if you don't want to start working for me… like the others."
"t_dc9a26411e5b","SampleScene:Salon/ConvSinCuchillo","Dialogo","(Que asco... No pienso ser como 'las demás')","(Disgusting... I'm not going to be like 'the others')"
"t_61b2ced761c8","SampleScene:Salon/ConvSinCuchillo","Dialogo","(Tengo que salir de aquí... Y rápido. ¿Pero cómo?, buscaré algo en mi habitación)","(I have to get out of here... And fast. But how? I'll look for something in my room)"
"t_d05bfeb601dd","SampleScene:Salon/Cuchillo","Dialogo","Has encontrado un cuchillo","You found a knife"
"t_2502ae015140","SampleScene:Salon/DespuesDeTuberias","Dialogo","¿Es que no se va a ir nunca?","Is he never going to leave?"
"t_a33bfaedd81e","SampleScene:Salon/Destornillador","Dialogo","Has encontrado un destornillador","You found a screwdriver"
"t_a410141b588f","SampleScene:Salon/Destornillador","Dialogo","¡Perfecto! Con esto podré salir por alguna ventana","Perfect! With this I'll be able to get out through a window"
"t_c321a0bdbc33","SampleScene:Salon/DiálogoNevera","Dialogo","Esto me vale… aunque... genial, es la última. Tendré que comprar más tarde.","This'll do… although... great, it's the last one. I'll have to buy more later."
"t_e5f1bccba721","SampleScene:Salon/DiálogoNevera","Dialogo","Supongo que el supermercado será mi único plan para hoy. Pero bueno, ya iré más tarde.","I guess the supermarket will be my only plan for today. But whatever, I'll go later."
"t_37a13292d03f","SampleScene:Salon/DiálogoNevera","Dialogo","Por ahora me tumbaré a ver algo.","For now I'll lie down and watch something."
"t_40808c01bf99","SampleScene:Salon/IntroPuzzleTuberías","Dialogo","¡DEJA DE HUIR Y SAL YA, Y SI NO QUIERES QUE LLAME A LA POLICÍA,","STOP RUNNING AND COME OUT NOW, AND IF YOU DON'T WANT ME CALLING THE COPS,"
"t_cc62bbf959ca","SampleScene:Salon/IntroPuzzleTuberías","Dialogo","ARREGLA LAS MALDITAS TUBERIAS!","FIX THE DAMN PIPES!"
"t_4cf242fd6ecf","SampleScene:Salon/IntroPuzzleTuberías","Dialogo","En fin, debería arreglar las tuberías.","Anyway, I should fix the pipes."
"t_ea0f2549e3c3","SampleScene:Salon/IntroPuzzleTuberías","Dialogo","No necesito más problemas en mi vida… ugh","I don't need more problems in my life… ugh"
"t_008a113ecca4","SampleScene:Salon/LlaveInglesa","Dialogo","Has encontrado la llave inglesa","You found the wrench"
"t_e12dbf81d114","SampleScene:Salon/LlaveInglesa","Dialogo","¡Genial! Con esto podré arreglar las tuberías.","Great! Now I can fix the pipes."
"t_322ca64bcebc","SampleScene:Salon/LlaveInglesaAviso","Dialogo","Necesito una llave inglesa. Buscaré por el salón","I need a wrench. I'll look around the living room"
"t_32e366ed9809","SampleScene:Salon/MisionNevera","Objetivo de mision","COGE ALGO DE BEBER","GET SOMETHING TO DRINK"
"t_86823893ef7d","SampleScene:Salon/MisionTuberías","Objetivo de mision","ARREGLA LAS TUBERÍAS DEL FREGADERO","FIX THE PIPES UNDER THE SINK"
"t_473a405e3b64","SampleScene:Salon/Nota1","Nota de lore","CLÍNICA VETERINARIA SAN ANTONIO 

- Calle del Sauce, Nº 14 — Tel: 555-0192 

- Presupuesto de Intervención Quirúrgica de Urgencia 

- Paciente: Rufus (Canino, Mestizo, 8 años) 

- Propietaria: Lilith 


1. Anestesia general y monitorización: $150.00 

2. Cirugía de reconstrucción interna / traumatismo: $650.00 

3. Hospitalización y medicación postoperatoria (48h): $240.00 

4. Material quirúrgico y transfusión: $160.00 

TOTAL APRECIADO: $1,200.00 


""Lilith, lo siento de corazón. Mantuvimos a Rufus estable todo lo que pudimos esperando el depósito, pero las normas de la clínica son estrictas y el centro no cubre los costes. Tuvimos que proceder a la eutanasia humanitaria para evitarle más sufrimiento. Puedes pasar a recoger sus pertenencias cuando estés lista.""


...","SAN ANTONIO VETERINARY CLINIC 

- 14 Willow Street — Tel: 555-0192 

- Emergency Surgical Procedure Estimate 

- Patient: Rufus (Canine, Mixed Breed, 8 years) 

- Owner: Lilith 


1. General anesthesia and monitoring: $150.00 

2. Internal reconstruction surgery / trauma: $650.00 

3. Hospitalization and postoperative medication (48h): $240.00 

4. Surgical supplies and transfusion: $160.00 

ESTIMATED TOTAL: $1,200.00 


""Lilith, I am truly sorry. We kept Rufus stable as long as we could while we waited for the deposit, but clinic policy is strict and the center does not cover the costs. We had to proceed with humane euthanasia to spare him any further suffering. You can come by to collect his belongings whenever you are ready.""


..."
"t_6276b0c80086","SampleScene:Salon/Nota3","Nota de lore","¡NOS CASAMOS! Viviana & Mateo. Acompáñanos en nuestro día especial. 

Lilith, te adjunto la invitación formal a la boda de tu hermana mayor. 

Queremos ser muy claros contigo, te la enviamos única y exclusivamente por pura cortesía familiar, para que tus tíos no pregunten por qué faltas.
  
Pero te pedimos, por favor, que NO te presentes. Con tu situación actual, tu inestabilidad emocional y los problemas económicos de los que nunca sales, tu presencia solo lograría incomodar a los invitados y estropear el día más importante de tu hermana. 

Ya tenemos bastante con lidiar con la vergüenza de tus elecciones.  

Quédate en la ciudad. Le diremos a la familia que estabas ""demasiado ocupada con tus 
proyectos"". No nos hagas pasar un mal rato.  

— Mamá.


...","WE'RE GETTING MARRIED! Viviana & Mateo. Join us on our special day. 

Lilith, attached is the formal invitation to your older sister's wedding. 

We want to be very clear with you: we are sending it to you purely and exclusively out of family courtesy, so your aunts and uncles do not ask why you are missing.
  
But we are asking you, please, NOT to show up. With your current situation, your emotional instability and the money problems you never climb out of, your presence would only make the guests uncomfortable and ruin the most important day of your sister's life. 

We have enough on our hands dealing with the shame of your choices.  

Stay in the city. We will tell the family you were ""too busy with your 
projects"". Do not put us through an unpleasant scene.  

— Mom.


..."
"t_c868d07991a8","SampleScene:Salon/SofáCasero","Dialogo","¡SE QUE ESTÁS AHI DENTRO! ¡SAL A PAGAR EL ALQUILER!","I KNOW YOU'RE IN THERE! COME OUT AND PAY THE RENT!"
"t_c587dbec639c","SampleScene:Salon/SofáCasero","Dialogo","¡LLEVAS MESES DE RETRASO Y NO VOY A PERMITIR QUE SIGAS AQUI!","YOU'RE MONTHS BEHIND AND I'M NOT LETTING YOU STAY HERE!"
"t_c8bb94806b28","SampleScene:Salon/SofáCasero","Dialogo","¡LLAMARE A LA POLICIA!","I'LL CALL THE POLICE!"
"t_d1ba6c1fc040","SampleScene:Salon/SofáCasero","Dialogo","Qué pesado… ¿Acaso no tiene otra cosa que hacer en su vida?","What a pain… Doesn't he have anything else to do with his life?"
"t_45574089adab","SampleScene:Salon/SofáCasero","Dialogo","¿Hasta cuándo piensa estar ahí plantado?","How long does he plan on standing out there?"
"t_6134de8128cc","SampleScene:Salon/SofáLilith","Dialogo","¿Otra vez? Seguro que es él…Ya se cansara.","Again? It's got to be him… He'll get tired of it."
"t_1d9cdaffcd95","HUERFANA - ya no aparece en el proyecto","Revisar","Él ni siquiera se come las Hespérides, solo las malas hierbas. Es un alma inocente.","He doesn't even eat the Hesperides, only the weeds. He's an innocent soul."
"t_5513caede7b6","HUERFANA - ya no aparece en el proyecto","Revisar","HOLAAAAAA","HELLOOOOOO"
"t_3664146a7af0","HUERFANA - ya no aparece en el proyecto","Revisar","Conversación con: Todos","Conversation with: Everyone"
"t_b5bb2d9463c7","HUERFANA - ya no aparece en el proyecto","Revisar","FullScreen","Fullscreen"
"t_04688b460ce0","HUERFANA - ya no aparece en el proyecto","Revisar","VSync","VSync"
"t_75d7ea944042","HUERFANA - ya no aparece en el proyecto","Revisar","Has arreglado las tuberías",""
